,origin,dest,carrier,arr_delay,arr_delay,arr_delay,arr_delay,air_time,air_time,air_time,air_time,distance,distance,distance,distance,air_speed (mph),air_speed (mph),air_speed (mph),air_speed (mph),start_long,start_lati,end_long,end_lati
,,,,count,mean,min,max,count,mean,min,max,count,mean,min,max,count,mean,min,max,,,,
0,EWR,ALB,ExpressJet Airlines Inc.,418,14.397129186602871,-34.0,328.0,418,31.78708133971292,24.0,50.0,439,143.0,143,143,418,272.30097609682247,171.6,357.5,-74.168701171875,40.69250106811523,-73.80169677734375,42.74829864501953
2,EWR,ATL,Endeavor Air Inc.,4,-6.25,-24.0,15.0,4,111.0,105.0,117.0,4,746.0,746,746,4,403.89955334373616,382.5641025641026,426.2857142857143,-74.168701171875,40.69250106811523,-84.4281005859375,33.63669967651367
3,EWR,ATL,Delta Air Lines Inc.,3116,9.996469833119384,-38.0,796.0,3116,110.85365853658537,88.0,176.0,3153,746.0,746,746,3116,406.5420934777167,254.31818181818184,508.6363636363637,-74.168701171875,40.69250106811523,-84.4281005859375,33.63669967651367
4,EWR,ATL,ExpressJet Airlines Inc.,1654,19.546553808948005,-39.0,454.0,1654,114.04232164449819,90.0,161.0,1762,746.0,746,746,1654,395.94554238012694,278.0124223602485,497.3333333333333,-74.168701171875,40.69250106811523,-84.4281005859375,33.63669967651367
5,EWR,ATL,United Air Lines Inc.,102,10.5,-37.0,360.0,102,113.6470588235294,97.0,142.0,103,746.0,746,746,102,396.5772255272971,315.2112676056338,461.44329896907215,-74.168701171875,40.69250106811523,-84.4281005859375,33.63669967651367
6,EWR,AUS,United Air Lines Inc.,664,4.27710843373494,-59.0,349.0,664,211.27560240963857,174.0,301.0,670,1504.0,1504,1504,664,430.2396253794616,299.80066445182723,518.6206896551724,-74.168701171875,40.69250106811523,-97.6698989868164,30.194499969482425
7,EWR,AUS,Southwest Airlines Co.,293,-11.242320819112628,-53.0,160.0,293,211.18430034129693,180.0,268.0,298,1504.0,1504,1504,293,429.9677147540685,336.7164179104478,501.3333333333333,-74.168701171875,40.69250106811523,-97.6698989868164,30.194499969482425
8,EWR,AVL,ExpressJet Airlines Inc.,251,8.804780876494023,-26.0,228.0,251,89.79681274900399,76.0,119.0,265,583.0,583,583,251,392.10202918988347,293.94957983193274,460.2631578947369,-74.168701171875,40.69250106811523,-82.54180145263672,35.43619918823242
9,EWR,BDL,ExpressJet Airlines Inc.,405,6.780246913580247,-43.0,266.0,405,25.45925925925926,20.0,56.0,435,116.0,116,116,405,277.1228968810793,124.28571428571428,348.0,-74.168701171875,40.69250106811523,-72.68319702149999,41.9388999939
10,EWR,BDL,United Air Lines Inc.,7,22.571428571428573,-18.0,136.0,7,25.857142857142858,23.0,29.0,8,116.0,116,116,7,270.2539894887721,240.0,302.6086956521739,-74.168701171875,40.69250106811523,-72.68319702149999,41.9388999939
11,EWR,BNA,ExpressJet Airlines Inc.,1677,17.69886702444842,-41.0,364.0,1677,115.38700059630293,70.0,176.0,1767,748.0,748,748,1677,392.4189744667988,255.00000000000003,641.1428571428571,-74.168701171875,40.69250106811523,-86.6781997680664,36.1245002746582
12,EWR,BNA,Southwest Airlines Co.,564,-2.131205673758865,-40.0,361.0,564,111.89893617021276,89.0,172.0,569,748.0,748,748,564,403.86054833963925,260.93023255813955,504.2696629213483,-74.168701171875,40.69250106811523,-86.6781997680664,36.1245002746582
13,EWR,BOS,JetBlue Airways,1794,6.868450390189521,-47.0,422.0,1794,40.571348940914156,31.0,99.0,1826,200.0,200,200,1794,299.50580198267176,121.21212121212122,387.09677419354836,-74.168701171875,40.69250106811523,-71.00520325,42.36429977
14,EWR,BOS,ExpressJet Airlines Inc.,156,-4.012820512820513,-29.0,134.0,156,39.72435897435897,32.0,63.0,159,200.0,200,200,156,305.1219882867575,190.47619047619048,375.0,-74.168701171875,40.69250106811523,-71.00520325,42.36429977
15,EWR,BOS,United Air Lines Inc.,3297,4.065514103730664,-40.0,396.0,3297,40.19987867758569,30.0,112.0,3342,200.0,200,200,3297,302.36026783154335,107.14285714285714,400.0,-74.168701171875,40.69250106811523,-71.00520325,42.36429977
17,EWR,BTV,ExpressJet Airlines Inc.,886,12.186230248306998,-41.0,306.0,886,46.25733634311512,34.0,69.0,931,266.0,266,266,886,347.0220730899041,231.30434782608697,469.4117647058824,-74.168701171875,40.69250106811523,-73.15329742429998,44.471900939899996
18,EWR,BUF,ExpressJet Airlines Inc.,936,9.696581196581196,-38.0,300.0,936,51.15384615384615,40.0,70.0,973,282.0,282,282,936,332.7232336160514,241.7142857142857,423.0,-74.168701171875,40.69250106811523,-78.73220062,42.94049835
19,EWR,BWI,ExpressJet Airlines Inc.,339,20.05604719764012,-33.0,233.0,339,36.932153392330385,31.0,59.0,352,169.0,169,169,339,277.57580052734403,171.86440677966104,327.09677419354836,-74.168701171875,40.69250106811523,-76.66829681,39.17539978
20,EWR,BWI,Southwest Airlines Co.,185,5.951351351351351,-24.0,255.0,185,37.58918918918919,31.0,59.0,193,169.0,169,169,185,272.41018536927635,171.86440677966104,327.09677419354836,-74.168701171875,40.69250106811523,-76.66829681,39.17539978
21,EWR,BZN,United Air Lines Inc.,35,7.6,-25.0,154.0,35,258.37142857142857,241.0,287.0,36,1882.0,1882,1882,35,438.0480696954565,393.4494773519164,468.54771784232366,-74.168701171875,40.69250106811523,-111.1529999,45.77750015
22,EWR,CAE,ExpressJet Airlines Inc.,94,44.58510638297872,-25.0,224.0,94,92.14893617021276,79.0,116.0,104,602.0,602,602,94,394.58227929927585,311.37931034482756,457.2151898734177,-74.168701171875,40.69250106811523,-81.11949920654297,33.93880081176758
23,EWR,CHS,ExpressJet Airlines Inc.,1342,16.208643815201192,-38.0,331.0,1342,95.74962742175857,75.0,133.0,1423,628.0,628,628,1342,396.35159288429514,283.30827067669173,502.4,-74.168701171875,40.69250106811523,-80.04049683,32.89860153
24,EWR,CHS,United Air Lines Inc.,1,-14.0,-14.0,-14.0,1,91.0,91.0,91.0,1,628.0,628,628,1,414.0659340659341,414.0659340659341,414.0659340659341,-74.168701171875,40.69250106811523,-80.04049683,32.89860153
25,EWR,CLE,ExpressJet Airlines Inc.,167,-3.7065868263473054,-35.0,292.0,167,66.20359281437126,57.0,88.0,169,404.0,404,404,167,368.45943478918684,275.4545454545455,425.2631578947369,-74.168701171875,40.69250106811523,-81.8498001099,41.411701202399996
26,EWR,CLE,United Air Lines Inc.,1563,5.969929622520794,-52.0,386.0,1563,66.28470889315419,54.0,100.0,1585,404.0,404,404,1563,368.41541415792466,242.39999999999998,448.88888888888886,-74.168701171875,40.69250106811523,-81.8498001099,41.411701202399996
27,EWR,CLT,ExpressJet Airlines Inc.,1714,20.492415402567094,-49.0,506.0,1714,86.34714119019837,64.0,129.0,1792,529.0,529,529,1714,371.04746699528016,246.046511627907,495.9375,-74.168701171875,40.69250106811523,-80.94309997558594,35.2140007019043
28,EWR,CLT,United Air Lines Inc.,2,14.5,5.0,24.0,2,101.5,99.0,104.0,2,529.0,529,529,2,312.8991841491842,305.1923076923077,320.6060606060606,-74.168701171875,40.69250106811523,-80.94309997558594,35.2140007019043
29,EWR,CLT,US Airways Inc.,3177,0.92036512433113,-42.0,492.0,3177,84.22536984576645,67.0,147.0,3232,529.0,529,529,3177,380.8510954374606,215.91836734693877,473.7313432835821,-74.168701171875,40.69250106811523,-80.94309997558594,35.2140007019043
30,EWR,CMH,ExpressJet Airlines Inc.,686,9.60204081632653,-39.0,376.0,686,76.31049562682216,57.0,103.0,724,463.0,463,463,686,366.45276690400283,269.7087378640777,487.3684210526316,-74.168701171875,40.69250106811523,-82.89189910888672,39.99800109863281
31,EWR,CVG,Endeavor Air Inc.,796,1.4045226130653266,-43.0,311.0,796,95.33793969849246,79.0,146.0,855,569.0,569,569,796,360.5713330436638,233.8356164383562,432.1518987341772,-74.168701171875,40.69250106811523,-84.6678009033,39.0488014221
32,EWR,CVG,ExpressJet Airlines Inc.,1717,21.193942923704135,-44.0,349.0,1717,96.4065230052417,62.0,135.0,1818,569.0,569,569,1717,356.84207753517995,252.88888888888889,550.6451612903226,-74.168701171875,40.69250106811523,-84.6678009033,39.0488014221
33,EWR,DAY,ExpressJet Airlines Inc.,1057,18.3841059602649,-42.0,256.0,1057,86.07757805108798,71.0,119.0,1134,533.0,533,533,1057,374.3522153189815,268.7394957983193,450.4225352112676,-74.168701171875,40.69250106811523,-84.21939849853516,39.90240097045898
34,EWR,DCA,ExpressJet Airlines Inc.,1565,21.340575079872206,-37.0,343.0,1565,42.6038338658147,32.0,73.0,1717,199.0,199,199,1565,283.8883289776912,163.56164383561645,373.125,-74.168701171875,40.69250106811523,-77.037697,38.8521
35,EWR,DCA,United Air Lines Inc.,2,0.5,-12.0,13.0,2,43.5,42.0,45.0,2,199.0,199,199,2,274.8095238095238,265.3333333333333,284.2857142857143,-74.168701171875,40.69250106811523,-77.037697,38.8521
36,EWR,DEN,United Air Lines Inc.,2140,5.864953271028037,-63.0,370.0,2140,223.9107476635514,182.0,306.0,2170,1605.0,1605,1605,2140,431.9943737635077,314.7058823529412,529.1208791208792,-74.168701171875,40.69250106811523,-104.672996521,39.861698150635
37,EWR,DEN,Southwest Airlines Co.,675,19.08,-50.0,326.0,675,228.17777777777778,194.0,292.0,689,1605.0,1605,1605,675,424.0669325270519,329.79452054794524,496.39175257731955,-74.168701171875,40.69250106811523,-104.672996521,39.861698150635
38,EWR,DFW,American Airlines Inc.,1946,1.4861253854059608,-67.0,351.0,1946,196.5503597122302,158.0,257.0,2054,1372.0,1372,1372,1946,421.9362942502177,320.3112840466926,521.0126582278481,-74.168701171875,40.69250106811523,-97.03800201416016,32.896800994873054
39,EWR,DFW,United Air Lines Inc.,1068,2.648876404494382,-64.0,406.0,1068,197.99063670411985,159.0,274.0,1094,1372.0,1372,1372,1068,418.9842359549018,300.4379562043796,517.7358490566038,-74.168701171875,40.69250106811523,-97.03800201416016,32.896800994873054
40,EWR,DSM,ExpressJet Airlines Inc.,390,23.54871794871795,-54.0,322.0,390,149.54102564102564,124.0,223.0,411,1017.0,1017,1017,390,410.9664440331994,273.6322869955157,492.09677419354836,-74.168701171875,40.69250106811523,-93.66310119628906,41.53400039672852
41,EWR,DTW,Endeavor Air Inc.,220,2.536363636363636,-39.0,241.0,220,85.6,68.0,107.0,231,488.0,488,488,220,344.72079793132343,273.6448598130841,430.5882352941177,-74.168701171875,40.69250106811523,-83.35340118408203,42.212398529052734
42,EWR,DTW,Delta Air Lines Inc.,413,3.343825665859564,-42.0,364.0,413,84.23486682808716,68.0,110.0,415,488.0,488,488,413,350.2068794838088,266.1818181818182,430.5882352941177,-74.168701171875,40.69250106811523,-83.35340118408203,42.212398529052734
43,EWR,DTW,ExpressJet Airlines Inc.,2373,12.965865992414665,-47.0,419.0,2373,84.86641382216604,67.0,129.0,2529,488.0,488,488,2373,347.5945846527805,226.97674418604652,437.0149253731343,-74.168701171875,40.69250106811523,-83.35340118408203,42.212398529052734
44,EWR,DTW,SkyWest Airlines Inc.,2,68.5,-20.0,157.0,2,84.5,81.0,88.0,2,488.0,488,488,2,347.10437710437714,332.72727272727275,361.48148148148147,-74.168701171875,40.69250106811523,-83.35340118408203,42.212398529052734
45,EWR,DTW,United Air Lines Inc.,1,1.0,1.0,1.0,1,88.0,88.0,88.0,1,488.0,488,488,1,332.72727272727275,332.72727272727275,332.72727272727275,-74.168701171875,40.69250106811523,-83.35340118408203,42.212398529052734
46,EWR,EGE,United Air Lines Inc.,106,-5.349056603773585,-50.0,181.0,106,253.58490566037736,222.0,306.0,110,1725.5363636363636,1725,1726,106,409.83159589109533,338.2352941176471,466.48648648648646,-74.168701171875,40.69250106811523,-106.9179993,39.64260101
47,EWR,FLL,JetBlue Airways,1364,12.140762463343108,-56.0,366.0,1364,150.61290322580646,126.0,220.0,1386,1065.0,1065,1065,1364,426.67437254550777,290.45454545454544,507.1428571428571,-74.168701171875,40.69250106811523,-80.15270233154297,26.072599411010746
48,EWR,FLL,United Air Lines Inc.,2376,5.247053872053872,-49.0,375.0,2376,152.94654882154882,123.0,219.0,2407,1065.0,1065,1065,2376,420.4215004813422,291.7808219178082,519.5121951219512,-74.168701171875,40.69250106811523,-80.15270233154297,26.072599411010746
49,EWR,GRR,ExpressJet Airlines Inc.,688,19.370639534883722,-37.0,340.0,688,96.71511627906976,69.0,151.0,719,605.0,605,605,688,378.147609510781,240.3973509933775,526.0869565217391,-74.168701171875,40.69250106811523,-85.52279663,42.88079834
50,EWR,GSO,ExpressJet Airlines Inc.,1045,17.6622009569378,-33.0,300.0,1045,71.85263157894737,60.0,106.0,1120,445.0,445,445,1045,374.2810691130215,251.8867924528302,445.0,-74.168701171875,40.69250106811523,-79.93730163574219,36.097801208496094
51,EWR,GSP,ExpressJet Airlines Inc.,692,18.143063583815028,-30.0,312.0,692,93.21965317919076,55.0,126.0,745,594.0,594,594,692,385.152070255823,282.85714285714283,648.0,-74.168701171875,40.69250106811523,-82.2189025879,34.895698547399995
52,EWR,HDN,United Air Lines Inc.,14,2.142857142857143,-26.0,43.0,14,248.5,223.0,266.0,15,1728.0,1728,1728,14,418.1100076094969,389.77443609022555,464.93273542600895,-74.168701171875,40.69250106811523,-107.2180023,40.48120117
54,EWR,HOU,Southwest Airlines Co.,948,9.618143459915611,-53.0,345.0,948,205.1740506329114,168.0,267.0,976,1411.0,1411,1411,948,415.8701483032276,317.07865168539325,503.92857142857144,-74.168701171875,40.69250106811523,-95.27890015,29.64539909
55,EWR,IAD,ExpressJet Airlines Inc.,1201,14.832639467110742,-32.0,370.0,1201,46.11906744379684,36.0,88.0,1235,212.0,212,212,1201,279.5321350016453,144.54545454545456,353.33333333333337,-74.168701171875,40.69250106811523,-77.45580292,38.94449997
56,EWR,IAD,United Air Lines Inc.,1,-24.0,-24.0,-24.0,1,44.0,44.0,44.0,1,212.0,212,212,1,289.0909090909091,289.0909090909091,289.0909090909091,-74.168701171875,40.69250106811523,-77.45580292,38.94449997
57,EWR,IAH,United Air Lines Inc.,3923,5.406576599541167,-63.0,374.0,3923,195.84042824369106,161.0,284.0,3973,1400.0,1400,1400,3923,431.75642832962893,295.77464788732397,521.7391304347826,-74.168701171875,40.69250106811523,-95.34140014648438,29.98439979553223
58,EWR,IND,ExpressJet Airlines Inc.,1238,12.280290791599354,-38.0,350.0,1238,102.68659127625202,85.0,157.0,1298,645.0,645,645,1238,379.88412750854786,246.4968152866242,455.2941176470588,-74.168701171875,40.69250106811523,-86.294403,39.7173
59,EWR,IND,United Air Lines Inc.,3,-18.333333333333332,-22.0,-12.0,3,96.0,91.0,99.0,3,645.0,645,645,3,403.69392512249664,390.90909090909093,425.2747252747253,-74.168701171875,40.69250106811523,-86.294403,39.7173
60,EWR,JAC,United Air Lines Inc.,19,29.894736842105264,-17.0,175.0,19,263.2631578947368,248.0,293.0,23,1874.0,1874,1874,19,427.77761738692266,383.7542662116041,453.3870967741935,-74.168701171875,40.69250106811523,-110.73799896240234,43.6072998046875
61,EWR,JAX,ExpressJet Airlines Inc.,1187,15.992417860151642,-38.0,304.0,1187,121.83656276326874,100.0,165.0,1242,820.0,820,820,1187,406.41516068642767,298.1818181818182,492.0,-74.168701171875,40.69250106811523,-81.68789672851562,30.49410057067871
62,EWR,LAS,United Air Lines Inc.,1990,-0.7693467336683417,-69.0,385.0,1990,299.03869346733666,256.0,399.0,2010,2227.0,2227,2227,1990,448.278795723062,334.8872180451128,521.953125,-74.168701171875,40.69250106811523,-115.1520004,36.08010101
63,EWR,LAX,American Airlines Inc.,359,0.9164345403899722,-65.0,316.0,359,331.28133704735376,284.0,389.0,365,2454.0,2454,2454,359,445.7201858814107,378.5089974293059,518.4507042253521,-74.168701171875,40.69250106811523,-118.4079971,33.94250107
64,EWR,LAX,United Air Lines Inc.,3733,3.643986070184838,-75.0,362.0,3733,324.8215912135012,279.0,403.0,3764,2454.0,2454,2454,3733,454.7347090416589,365.35980148883374,527.741935483871,-74.168701171875,40.69250106811523,-118.4079971,33.94250107
65,EWR,LAX,Virgin America,775,0.2567741935483871,-62.0,300.0,775,327.72129032258067,285.0,388.0,783,2454.0,2454,2454,775,450.58835604249515,379.4845360824742,516.6315789473684,-74.168701171875,40.69250106811523,-118.4079971,33.94250107
66,EWR,LGA,US Airways Inc.,0,,,,0,,,,1,17.0,17,17,0,,,,-74.168701171875,40.69250106811523,-73.87259674,40.77719879
67,EWR,MCI,ExpressJet Airlines Inc.,1276,20.239811912225704,-47.0,456.0,1276,162.6998432601881,134.0,240.0,1356,1092.0,1092,1092,1276,405.96340650487366,273.0,488.955223880597,-74.168701171875,40.69250106811523,-94.713898,39.2976
68,EWR,MCO,JetBlue Airways,1702,12.525851938895418,-48.0,497.0,1702,132.9494712103408,110.0,188.0,1724,937.0,937,937,1702,425.595978813493,299.0425531914894,511.0909090909091,-74.168701171875,40.69250106811523,-81.30899810791016,28.429399490356445
69,EWR,MCO,United Air Lines Inc.,3191,-0.8113444061422751,-53.0,383.0,3191,135.52491382011908,109.0,198.0,3217,937.0,937,937,3191,417.15796519753,283.93939393939394,515.7798165137615,-74.168701171875,40.69250106811523,-81.30899810791016,28.429399490356445
70,EWR,MDW,Southwest Airlines Co.,1988,13.710764587525151,-38.0,385.0,1988,110.8943661971831,92.0,179.0,2043,711.0,711,711,1988,387.2810391194928,238.3240223463687,463.695652173913,-74.168701171875,40.69250106811523,-87.75240325927734,41.7859992980957
71,EWR,MEM,ExpressJet Airlines Inc.,845,19.907692307692308,-47.0,275.0,845,144.98224852071007,118.0,189.0,926,946.0,946,946,845,394.66502550884036,300.3174603174603,481.0169491525424,-74.168701171875,40.69250106811523,-89.97669982910156,35.04240036010742
72,EWR,MHT,ExpressJet Airlines Inc.,824,14.428398058252426,-33.0,335.0,824,38.911407766990294,31.0,58.0,867,209.0,209,209,824,323.9619818215444,216.20689655172413,404.51612903225805,-74.168701171875,40.69250106811523,-71.43569946289062,42.93259811401367
73,EWR,MIA,American Airlines Inc.,1058,0.06332703213610585,-54.0,878.0,1058,150.20604914933838,125.0,214.0,1068,1085.0,1085,1085,1058,435.50864568605004,304.2056074766355,520.8,-74.168701171875,40.69250106811523,-80.29060363769531,25.79319953918457
74,EWR,MIA,United Air Lines Inc.,1548,6.655684754521964,-49.0,401.0,1548,153.55684754521963,126.0,212.0,1565,1085.0,1085,1085,1548,426.1752564675679,307.07547169811323,516.6666666666666,-74.168701171875,40.69250106811523,-80.29060363769531,25.79319953918457
75,EWR,MKE,ExpressJet Airlines Inc.,1058,24.003780718336483,-44.0,441.0,1058,115.37240075614366,93.0,173.0,1094,725.0,725,725,1058,379.5930019336895,251.44508670520233,467.741935483871,-74.168701171875,40.69250106811523,-87.89659881591797,42.94720077514648
76,EWR,MSN,ExpressJet Airlines Inc.,345,23.19710144927536,-31.0,337.0,345,124.2463768115942,105.0,163.0,354,799.0,799,799,345,388.56047452144617,294.11042944785277,456.57142857142856,-74.168701171875,40.69250106811523,-89.3375015258789,43.13990020751953
77,EWR,MSP,Endeavor Air Inc.,173,1.5953757225433527,-37.0,223.0,173,156.80346820809248,128.0,195.0,178,1008.0,1008,1008,173,388.05898604634376,310.15384615384613,472.5,-74.168701171875,40.69250106811523,-93.22180175780001,44.8819999695
78,EWR,MSP,Delta Air Lines Inc.,415,2.8626506024096385,-45.0,489.0,415,144.83373493975904,123.0,187.0,420,1008.0,1008,1008,415,419.44792960405675,323.42245989304814,491.70731707317077,-74.168701171875,40.69250106811523,-93.22180175780001,44.8819999695
79,EWR,MSP,ExpressJet Airlines Inc.,1661,10.527995183624324,-49.0,389.0,1661,151.64419024683926,93.0,202.0,1773,1008.0,1008,1008,1661,401.18504682592004,299.4059405940594,650.3225806451612,-74.168701171875,40.69250106811523,-93.22180175780001,44.8819999695
80,EWR,MSP,SkyWest Airlines Inc.,4,-2.0,-24.0,27.0,4,163.0,152.0,177.0,4,1008.0,1008,1008,4,372.28748285755967,341.6949152542373,397.89473684210526,-74.168701171875,40.69250106811523,-93.22180175780001,44.8819999695
81,EWR,MSP,United Air Lines Inc.,2,-5.5,-9.0,-2.0,2,155.5,153.0,158.0,2,1008.0,1008,1008,2,389.03946388682056,382.7848101265823,395.29411764705884,-74.168701171875,40.69250106811523,-93.22180175780001,44.8819999695
82,EWR,MSY,ExpressJet Airlines Inc.,564,9.331560283687944,-56.0,281.0,564,168.354609929078,140.0,230.0,588,1167.0,1167,1167,564,419.1769772952038,304.4347826086956,500.1428571428571,-74.168701171875,40.69250106811523,-90.25800323486328,29.99340057373047
83,EWR,MSY,United Air Lines Inc.,265,-2.841509433962264,-65.0,251.0,265,166.94716981132075,136.0,208.0,269,1167.0,1167,1167,265,422.3130273450714,336.63461538461536,514.8529411764706,-74.168701171875,40.69250106811523,-90.25800323486328,29.99340057373047
84,EWR,MSY,Southwest Airlines Co.,296,19.89189189189189,-57.0,399.0,296,165.61486486486487,142.0,209.0,298,1167.0,1167,1167,296,425.36417997678205,335.02392344497605,493.09859154929575,-74.168701171875,40.69250106811523,-90.25800323486328,29.99340057373047
85,EWR,MTJ,United Air Lines Inc.,14,1.7857142857142858,-32.0,101.0,14,254.35714285714286,231.0,288.0,15,1795.0,1795,1795,14,424.53964260603755,373.95833333333337,466.23376623376623,-74.168701171875,40.69250106811523,-107.89399719200001,38.5097999573
86,EWR,MYR,ExpressJet Airlines Inc.,55,5.0181818181818185,-37.0,207.0,55,87.43636363636364,73.0,101.0,56,550.0,550,550,55,379.57757149055925,326.73267326732673,452.054794520548,-74.168701171875,40.69250106811523,-78.9282989502,33.6796989441
87,EWR,OKC,ExpressJet Airlines Inc.,315,30.61904761904762,-49.0,262.0,315,193.0095238095238,162.0,286.0,346,1325.0,1325,1325,315,415.67964169171324,277.972027972028,490.7407407407407,-74.168701171875,40.69250106811523,-97.60070037841795,35.39310073852539
88,EWR,OMA,ExpressJet Airlines Inc.,724,14.917127071823204,-44.0,364.0,724,165.98618784530387,139.0,218.0,752,1134.0,1134,1134,724,412.6949147533348,312.11009174311926,489.4964028776978,-74.168701171875,40.69250106811523,-95.89409637451172,41.303199768066406
89,EWR,OMA,United Air Lines Inc.,2,-20.5,-24.0,-17.0,2,143.0,142.0,144.0,2,1134.0,1134,1134,2,475.8274647887324,472.5,479.15492957746477,-74.168701171875,40.69250106811523,-95.89409637451172,41.303199768066406
90,EWR,ORD,ExpressJet Airlines Inc.,2,17.5,0.0,35.0,2,123.5,123.0,124.0,2,719.0,719,719,2,349.3174665617624,347.9032258064516,350.7317073170732,-74.168701171875,40.69250106811523,-87.90480042,41.97859955
91,EWR,ORD,Envoy Air,2097,16.307105388650452,-53.0,1109.0,2097,112.1444921316166,92.0,182.0,2276,719.0,719,719,2097,387.31185682299554,237.03296703296704,468.9130434782608,-74.168701171875,40.69250106811523,-87.90480042,41.97859955
92,EWR,ORD,United Air Lines Inc.,3729,4.882005899705015,-59.0,398.0,3729,113.88227406811478,87.0,198.0,3822,719.0,719,719,3729,381.58020629019444,217.8787878787879,495.86206896551727,-74.168701171875,40.69250106811523,-87.90480042,41.97859955
93,EWR,ORF,ExpressJet Airlines Inc.,541,12.5637707948244,-44.0,285.0,541,51.22920517560074,37.0,89.0,584,284.0,284,284,541,335.68636957468857,191.46067415730337,460.5405405405405,-74.168701171875,40.69250106811523,-76.20120239257812,36.89459991455078
94,EWR,PBI,JetBlue Airways,509,16.691552062868368,-32.0,258.0,509,143.75638506876228,123.0,205.0,512,1023.0,1023,1023,509,429.42003945833534,299.4146341463415,499.0243902439025,-74.168701171875,40.69250106811523,-80.09559631347656,26.68320083618164
95,EWR,PBI,United Air Lines Inc.,1825,5.409315068493151,-49.0,402.0,1825,145.26958904109588,119.0,205.0,1839,1023.0,1023,1023,1825,424.9745664054142,299.4146341463415,515.7983193277311,-74.168701171875,40.69250106811523,-80.09559631347656,26.68320083618164
96,EWR,PDX,United Air Lines Inc.,563,1.1065719360568385,-70.0,309.0,563,329.4404973357016,283.0,391.0,571,2434.0,2434,2434,563,444.3994359786248,373.50383631713555,516.0424028268551,-74.168701171875,40.69250106811523,-122.5979996,45.58869934
97,EWR,PHL,ExpressJet Airlines Inc.,48,16.541666666666668,-25.0,136.0,48,28.666666666666668,21.0,39.0,49,80.0,80,80,48,170.792668958573,123.07692307692307,228.57142857142858,-74.168701171875,40.69250106811523,-75.24109649658203,39.87189865112305
98,EWR,PHX,United Air Lines Inc.,1111,0.40054005400540055,-62.0,314.0,1111,290.990099009901,244.0,352.0,1120,2133.0,2133,2133,1111,441.4603464153127,363.5795454545455,524.5081967213115,-74.168701171875,40.69250106811523,-112.01200103759766,33.43429946899414
99,EWR,PHX,US Airways Inc.,1149,1.134029590948651,-60.0,393.0,1149,286.59791122715404,243.0,351.0,1172,2133.0,2133,2133,1149,448.3347763820114,364.61538461538464,526.6666666666667,-74.168701171875,40.69250106811523,-112.01200103759766,33.43429946899414
100,EWR,PHX,Southwest Airlines Co.,425,14.016470588235293,-51.0,363.0,425,297.5882352941176,257.0,362.0,431,2133.0,2133,2133,425,431.8296945442983,353.53591160221,497.9766536964981,-74.168701171875,40.69250106811523,-112.01200103759766,33.43429946899414
101,EWR,PIT,ExpressJet Airlines Inc.,529,5.6918714555765595,-34.0,324.0,529,57.054820415879014,48.0,87.0,557,319.0,319,319,529,337.68150617827575,220.0,398.75,-74.168701171875,40.69250106811523,-80.23290253,40.49150085
102,EWR,PIT,United Air Lines Inc.,2,2.5,-14.0,19.0,2,57.5,57.0,58.0,2,319.0,319,319,2,332.89473684210526,330.0,335.7894736842105,-74.168701171875,40.69250106811523,-80.23290253,40.49150085
103,EWR,PVD,ExpressJet Airlines Inc.,358,16.23463687150838,-32.0,285.0,358,32.667597765363126,27.0,52.0,376,160.0,160,160,358,296.61520854470484,184.6153846153846,355.55555555555554,-74.168701171875,40.69250106811523,-71.42040252685547,41.73260116577149
104,EWR,PWM,ExpressJet Airlines Inc.,730,23.005479452054793,-35.0,310.0,730,48.727397260273975,38.0,78.0,770,284.0,284,284,730,351.68847838012294,218.46153846153845,448.42105263157896,-74.168701171875,40.69250106811523,-70.30930328,43.64619827
105,EWR,RDU,ExpressJet Airlines Inc.,1416,12.630649717514125,-35.0,415.0,1416,69.62358757062147,57.0,104.0,1481,416.0,416,416,1416,360.89321176824046,240.0,437.89473684210526,-74.168701171875,40.69250106811523,-78.7874984741211,35.877601623535156
106,EWR,RDU,United Air Lines Inc.,1,56.0,56.0,56.0,1,62.0,62.0,62.0,1,416.0,416,416,1,402.5806451612903,402.5806451612903,402.5806451612903,-74.168701171875,40.69250106811523,-78.7874984741211,35.877601623535156
107,EWR,RIC,ExpressJet Airlines Inc.,1615,25.820433436532507,-35.0,463.0,1615,53.54365325077399,35.0,100.0,1667,277.0,277,277,1615,313.1406954075861,166.2,474.85714285714283,-74.168701171875,40.69250106811523,-77.3197021484375,37.50519943237305
108,EWR,ROC,ExpressJet Airlines Inc.,488,20.66393442622951,-32.0,387.0,488,45.334016393442624,38.0,66.0,513,246.0,246,246,488,327.68806764506854,223.63636363636363,388.42105263157896,-74.168701171875,40.69250106811523,-77.67240142822266,43.118900299072266
109,EWR,RSW,JetBlue Airways,363,-6.9393939393939394,-42.0,210.0,363,155.45454545454547,133.0,188.0,365,1068.0,1068,1068,363,413.9212863416557,340.8510638297872,481.8045112781955,-74.168701171875,40.69250106811523,-81.75520324707031,26.53619956970215
110,EWR,RSW,United Air Lines Inc.,1061,-0.6578699340245052,-49.0,256.0,1061,157.17059377945336,128.0,219.0,1072,1068.0,1068,1068,1061,409.62707450747337,292.6027397260274,500.625,-74.168701171875,40.69250106811523,-81.75520324707031,26.53619956970215
111,EWR,SAN,United Air Lines Inc.,1125,3.008,-68.0,320.0,1125,325.28622222222225,279.0,389.0,1134,2425.0,2425,2425,1125,448.8397348574671,374.03598971722363,521.505376344086,-74.168701171875,40.69250106811523,-117.190002441,32.7336006165
112,EWR,SAT,United Air Lines Inc.,323,7.690402476780186,-54.0,396.0,323,221.29721362229103,183.0,292.0,330,1569.0,1569,1569,323,428.2040403409236,322.3972602739726,514.4262295081968,-74.168701171875,40.69250106811523,-98.46980285644531,29.533700942993164
113,EWR,SAV,ExpressJet Airlines Inc.,681,17.690161527165934,-35.0,443.0,681,107.33920704845815,87.0,136.0,736,708.0,708,708,681,398.2015268641223,312.3529411764706,488.2758620689655,-74.168701171875,40.69250106811523,-81.20210266,32.12760162
114,EWR,SBN,ExpressJet Airlines Inc.,4,-5.5,-15.0,3.0,4,93.5,91.0,97.0,4,637.0,637,637,4,409.012786461562,394.02061855670104,420.0,-74.168701171875,40.69250106811523,-86.31729888916016,41.70869827270508
115,EWR,SDF,ExpressJet Airlines Inc.,851,16.55229142185664,-40.0,286.0,851,106.51703877790834,87.0,185.0,891,642.0,642,642,851,364.4755839237485,208.2162162162162,442.7586206896552,-74.168701171875,40.69250106811523,-85.736,38.1744
116,EWR,SDF,United Air Lines Inc.,3,-10.0,-18.0,-4.0,3,96.0,94.0,99.0,3,642.0,642,642,3,401.4506091146629,389.0909090909091,409.7872340425532,-74.168701171875,40.69250106811523,-85.736,38.1744
117,EWR,SEA,Alaska Airlines Inc.,709,-9.930888575458392,-74.0,198.0,709,325.6177715091678,277.0,392.0,714,2402.0,2402,2402,709,443.67888921582147,367.6530612244898,520.2888086642599,-74.168701171875,40.69250106811523,-122.30899810791016,47.44900131225586
118,EWR,SEA,United Air Lines Inc.,1101,5.827429609445958,-60.0,299.0,1101,326.0435967302452,280.0,394.0,1117,2402.0,2402,2402,1101,443.01906840377023,365.78680203045684,514.7142857142857,-74.168701171875,40.69250106811523,-122.30899810791016,47.44900131225586
119,EWR,SFO,United Air Lines Inc.,4287,3.0578493118731047,-73.0,422.0,4287,342.6092838815022,295.0,420.0,4344,2565.0,2565,2565,4287,450.3773360668324,366.42857142857144,521.6949152542372,-74.168701171875,40.69250106811523,-122.375,37.61899948120117
120,EWR,SFO,Virgin America,777,-1.6087516087516087,-86.0,632.0,777,344.6872586872587,299.0,394.0,783,2565.0,2565,2565,777,447.50631774364194,390.60913705583755,514.7157190635452,-74.168701171875,40.69250106811523,-122.375,37.61899948120117
123,EWR,SLC,Delta Air Lines Inc.,351,11.378917378917379,-54.0,847.0,351,271.32763532763533,240.0,320.0,354,1969.0,1969,1969,351,436.62827532268557,369.1875,492.25,-74.168701171875,40.69250106811523,-111.97799682617188,40.78839874267578
124,EWR,SNA,United Air Lines Inc.,812,-7.8682266009852215,-70.0,189.0,812,329.2894088669951,274.0,405.0,825,2434.0,2434,2434,812,445.1101404196343,360.5925925925926,532.992700729927,-74.168701171875,40.69250106811523,-117.8679962,33.67570114
125,EWR,STL,ExpressJet Airlines Inc.,1690,17.25207100591716,-47.0,538.0,1690,135.44023668639053,110.0,194.0,1823,872.0,872,872,1690,389.1731202212057,269.69072164948454,475.6363636363637,-74.168701171875,40.69250106811523,-90.37000274658205,38.74869918823242
126,EWR,STL,United Air Lines Inc.,2,110.0,-22.0,242.0,2,121.0,120.0,122.0,2,872.0,872,872,2,432.42622950819674,428.8524590163935,436.0,-74.168701171875,40.69250106811523,-90.37000274658205,38.74869918823242
127,EWR,STL,Southwest Airlines Co.,682,13.629032258064516,-41.0,292.0,682,131.48973607038124,111.0,188.0,691,872.0,872,872,682,400.5749721385306,278.29787234042556,471.35135135135135,-74.168701171875,40.69250106811523,-90.37000274658205,38.74869918823242
129,EWR,SYR,ExpressJet Airlines Inc.,146,7.273972602739726,-28.0,192.0,146,38.986301369863014,30.0,47.0,157,195.0,195,195,146,301.80710175589917,248.93617021276597,390.0,-74.168701171875,40.69250106811523,-76.1063003540039,43.11119842529297
130,EWR,TPA,JetBlue Airways,362,18.53867403314917,-49.0,379.0,362,144.40331491712706,123.0,185.0,365,997.0,997,997,362,416.93421922621513,323.35135135135135,486.3414634146342,-74.168701171875,40.69250106811523,-82.533203125,27.975500106811523
131,EWR,TPA,ExpressJet Airlines Inc.,1,-20.0,-20.0,-20.0,1,149.0,149.0,149.0,1,997.0,997,997,1,401.4765100671141,401.4765100671141,401.4765100671141,-74.168701171875,40.69250106811523,-82.533203125,27.975500106811523
132,EWR,TPA,United Air Lines Inc.,1952,4.115266393442623,-46.0,281.0,1952,143.47233606557376,119.0,204.0,1968,997.0,997,997,1952,419.30846131108683,293.2352941176471,502.6890756302521,-74.168701171875,40.69250106811523,-82.533203125,27.975500106811523
133,EWR,TUL,ExpressJet Airlines Inc.,294,33.65986394557823,-43.0,262.0,294,178.3095238095238,148.0,250.0,315,1215.0,1215,1215,294,412.4199824463618,291.59999999999997,492.56756756756755,-74.168701171875,40.69250106811523,-95.88809967041016,36.19839859008789
134,EWR,TVC,ExpressJet Airlines Inc.,22,3.0,-39.0,116.0,22,96.0,88.0,108.0,24,644.0,644,644,22,403.5628410339786,357.77777777777777,439.0909090909091,-74.168701171875,40.69250106811523,-85.58219909667969,44.74140167236328
135,EWR,TYS,ExpressJet Airlines Inc.,313,41.150159744408946,-39.0,281.0,313,97.63578274760384,80.0,138.0,323,631.0,631,631,313,390.83701939765183,274.34782608695656,473.25,-74.168701171875,40.69250106811523,-83.99400329999997,35.81100082
136,EWR,XNA,ExpressJet Airlines Inc.,283,8.346289752650177,-39.0,330.0,283,166.99293286219083,141.0,224.0,291,1131.0,1131,1131,283,409.6321264136428,302.94642857142856,481.27659574468083,-74.168701171875,40.69250106811523,-94.306801,36.281898
137,JFK,ABQ,JetBlue Airways,254,4.381889763779528,-61.0,153.0,254,249.16929133858267,212.0,318.0,254,1826.0,1826,1826,254,442.2063475346641,344.52830188679246,516.7924528301887,-73.77890015,40.63980103,-106.60900115966795,35.04019927978516
138,JFK,ACK,JetBlue Airways,264,4.8522727272727275,-25.0,221.0,264,42.06818181818182,35.0,141.0,265,199.0,199,199,264,288.9536420448071,84.68085106382978,341.1428571428571,-73.77890015,40.63980103,-70.06020355,41.25310135
139,JFK,ATL,Endeavor Air Inc.,52,1.4038461538461537,-43.0,55.0,52,120.8076923076923,100.0,144.0,55,760.0,760,760,52,379.8604331013253,316.6666666666667,456.0,-73.77890015,40.63980103,-84.4281005859375,33.63669967651367
140,JFK,ATL,Delta Air Lines Inc.,1867,6.344402785216926,-44.0,612.0,1867,111.79539367970006,89.0,172.0,1874,760.0,760,760,1867,410.8824668391631,265.1162790697674,512.3595505617977,-73.77890015,40.63980103,-84.4281005859375,33.63669967651367
141,JFK,ATL,ExpressJet Airlines Inc.,1,128.0,128.0,128.0,1,118.0,118.0,118.0,1,760.0,760,760,1,386.4406779661017,386.4406779661017,386.4406779661017,-73.77890015,40.63980103,-84.4281005859375,33.63669967651367
142,JFK,AUS,Endeavor Air Inc.,2,-3.5,-32.0,25.0,2,222.0,219.0,225.0,2,1521.0,1521,1521,2,411.15616438356165,405.6,416.7123287671233,-73.77890015,40.63980103,-97.6698989868164,30.194499969482425
143,JFK,AUS,American Airlines Inc.,358,16.20949720670391,-50.0,260.0,358,215.06703910614524,177.0,272.0,365,1521.0,1521,1521,358,427.04139412218376,335.5147058823529,515.593220338983,-73.77890015,40.63980103,-97.6698989868164,30.194499969482425
144,JFK,AUS,JetBlue Airways,742,11.692722371967655,-52.0,250.0,742,213.84636118598382,175.0,301.0,747,1521.0,1521,1521,742,430.14981415500205,303.18936877076413,521.4857142857143,-73.77890015,40.63980103,-97.6698989868164,30.194499969482425
145,JFK,AUS,Delta Air Lines Inc.,352,1.4090909090909092,-50.0,328.0,352,211.9630681818182,179.0,268.0,357,1521.0,1521,1521,352,433.2940783595552,340.5223880597015,509.83240223463685,-73.77890015,40.63980103,-97.6698989868164,30.194499969482425
146,JFK,BHM,ExpressJet Airlines Inc.,1,-19.0,-19.0,-19.0,1,117.0,117.0,117.0,1,865.0,865,865,1,443.5897435897436,443.5897435897436,443.5897435897436,-73.77890015,40.63980103,-86.75350189,33.56290054
147,JFK,BNA,Endeavor Air Inc.,347,10.247838616714697,-56.0,312.0,347,115.1757925072046,92.0,150.0,364,765.0,765,765,347,402.10264075098536,306.0,498.9130434782608,-73.77890015,40.63980103,-86.6781997680664,36.1245002746582
148,JFK,BNA,Delta Air Lines Inc.,1,-27.0,-27.0,-27.0,1,127.0,127.0,127.0,1,765.0,765,765,1,361.4173228346457,361.4173228346457,361.4173228346457,-73.77890015,40.63980103,-86.6781997680664,36.1245002746582
149,JFK,BNA,Envoy Air,346,14.18208092485549,-43.0,354.0,346,118.95086705202313,97.0,164.0,365,765.0,765,765,346,389.0678747971575,279.8780487804878,473.1958762886598,-73.77890015,40.63980103,-86.6781997680664,36.1245002746582
150,JFK,BOS,Endeavor Air Inc.,853,5.664712778429074,-37.0,386.0,853,38.922626025791324,30.0,86.0,914,187.0,187,187,853,292.7392801560623,130.46511627906978,374.0,-73.77890015,40.63980103,-71.00520325,42.36429977
151,JFK,BOS,American Airlines Inc.,1428,1.8788515406162465,-43.0,239.0,1428,38.43627450980392,29.0,96.0,1455,187.0,187,187,1428,296.18880048964434,116.875,386.8965517241379,-73.77890015,40.63980103,-71.00520325,42.36429977
152,JFK,BOS,JetBlue Airways,2531,8.621493480837614,-40.0,412.0,2531,38.47135519557487,29.0,77.0,2557,187.0,187,187,2531,295.3414625459844,145.7142857142857,386.8965517241379,-73.77890015,40.63980103,-71.00520325,42.36429977
153,JFK,BOS,Delta Air Lines Inc.,961,-1.012486992715921,-48.0,410.0,961,38.18210197710718,26.0,91.0,972,187.0,187,187,961,298.00123752983234,123.2967032967033,431.53846153846155,-73.77890015,40.63980103,-71.00520325,42.36429977
155,JFK,BTV,JetBlue Airways,1347,8.129175946547884,-30.0,396.0,1347,47.212323682256866,37.0,68.0,1364,266.0,266,266,1347,339.7746746981308,234.7058823529412,431.35135135135135,-73.77890015,40.63980103,-73.15329742429998,44.471900939899996
156,JFK,BUF,Endeavor Air Inc.,739,6.669824086603518,-53.0,396.0,739,57.198917456021654,45.0,105.0,779,301.0,301,301,739,317.78957008466705,172.0,401.3333333333333,-73.77890015,40.63980103,-78.73220062,42.94049835
157,JFK,BUF,JetBlue Airways,2773,9.800576992426974,-44.0,354.0,2773,57.11648034619546,38.0,98.0,2803,301.0,301,301,2773,318.14400834530164,184.28571428571428,475.2631578947369,-73.77890015,40.63980103,-78.73220062,42.94049835
158,JFK,BUR,JetBlue Airways,370,8.175675675675675,-61.0,247.0,370,334.1027027027027,293.0,403.0,371,2465.0,2465,2465,370,444.03955688403016,366.9975186104218,504.778156996587,-73.77890015,40.63980103,-118.35900115966795,34.200698852539055
159,JFK,BWI,Endeavor Air Inc.,815,8.731288343558282,-53.0,351.0,815,38.79754601226994,31.0,61.0,856,184.0,184,184,815,287.57907072237936,180.98360655737707,356.12903225806446,-73.77890015,40.63980103,-76.66829681,39.17539978
160,JFK,BWI,Envoy Air,333,9.603603603603604,-36.0,851.0,333,39.78378378378378,33.0,57.0,365,184.0,184,184,333,280.5335890971743,193.6842105263158,334.5454545454545,-73.77890015,40.63980103,-76.66829681,39.17539978
161,JFK,CHS,Endeavor Air Inc.,330,4.096969696969697,-49.0,278.0,330,94.60303030303031,78.0,123.0,347,636.0,636,636,330,406.060452813089,310.2439024390244,489.2307692307692,-73.77890015,40.63980103,-80.04049683,32.89860153
162,JFK,CHS,JetBlue Airways,612,5.728758169934641,-33.0,331.0,612,95.98039215686275,80.0,149.0,613,636.0,636,636,612,400.49157672739074,256.10738255033556,477.0,-73.77890015,40.63980103,-80.04049683,32.89860153
163,JFK,CLE,Endeavor Air Inc.,314,22.544585987261147,-44.0,336.0,314,76.04777070063695,63.0,100.0,342,425.0,425,425,314,337.0966787340599,255.0,404.76190476190476,-73.77890015,40.63980103,-81.8498001099,41.411701202399996
164,JFK,CLE,Envoy Air,352,12.78125,-40.0,282.0,352,78.11363636363636,66.0,115.0,365,425.0,425,425,352,328.5885466113404,221.7391304347826,386.3636363636363,-73.77890015,40.63980103,-81.8498001099,41.411701202399996
165,JFK,CLT,Endeavor Air Inc.,259,17.092664092664094,-41.0,744.0,259,87.65637065637065,74.0,123.0,279,541.0,541,541,259,373.7488380966295,263.9024390243903,438.64864864864865,-73.77890015,40.63980103,-80.94309997558594,35.2140007019043
166,JFK,CLT,JetBlue Airways,721,11.205270457697642,-47.0,386.0,721,88.1497919556172,71.0,119.0,729,541.0,541,541,721,371.6956466991919,272.7731092436975,457.1830985915493,-73.77890015,40.63980103,-80.94309997558594,35.2140007019043
167,JFK,CLT,US Airways Inc.,1840,3.2994565217391303,-43.0,328.0,1840,86.60108695652174,68.0,123.0,1862,541.0,541,541,1840,378.60334494837736,263.9024390243903,477.3529411764706,-73.77890015,40.63980103,-80.94309997558594,35.2140007019043
168,JFK,CMH,Endeavor Air Inc.,10,20.6,-6.0,70.0,10,77.9,69.0,87.0,12,483.0,483,483,10,373.9702449625622,333.1034482758621,420.00000000000006,-73.77890015,40.63980103,-82.89189910888672,39.99800109863281
169,JFK,CMH,Envoy Air,695,22.953956834532374,-34.0,1127.0,695,76.68920863309353,63.0,104.0,730,483.0,483,483,695,380.47882215121524,278.65384615384613,460.0,-73.77890015,40.63980103,-82.89189910888672,39.99800109863281
170,JFK,CVG,Endeavor Air Inc.,602,16.24750830564784,-55.0,337.0,602,94.03986710963456,79.0,122.0,632,589.0,589,589,602,378.3329274610269,289.672131147541,447.34177215189874,-73.77890015,40.63980103,-84.6678009033,39.0488014221
171,JFK,CVG,Envoy Air,350,24.02,-32.0,989.0,350,99.29714285714286,83.0,160.0,365,589.0,589,589,350,358.8350582714297,220.875,425.7831325301205,-73.77890015,40.63980103,-84.6678009033,39.0488014221
172,JFK,DCA,Endeavor Air Inc.,1011,0.0722057368941642,-62.0,384.0,1011,45.69831849653808,35.0,83.0,1074,213.0,213,213,1011,285.10148682442275,153.97590361445785,365.1428571428571,-73.77890015,40.63980103,-77.037697,38.8521
173,JFK,DCA,Delta Air Lines Inc.,2,-8.0,-15.0,-1.0,2,58.0,56.0,60.0,2,213.0,213,213,2,220.60714285714286,213.0,228.21428571428572,-73.77890015,40.63980103,-77.037697,38.8521
174,JFK,DCA,Envoy Air,2063,11.181289384391663,-38.0,360.0,2063,48.95928259815802,34.0,97.0,2194,213.0,213,213,2063,264.8892140321793,131.75257731958763,375.88235294117646,-73.77890015,40.63980103,-77.037697,38.8521
175,JFK,DEN,JetBlue Airways,336,15.19047619047619,-53.0,262.0,336,225.77678571428572,194.0,265.0,338,1626.0,1626,1626,336,433.90285001623516,368.1509433962264,502.88659793814435,-73.77890015,40.63980103,-104.672996521,39.861698150635
176,JFK,DEN,Delta Air Lines Inc.,361,6.761772853185596,-66.0,335.0,361,228.67036011080333,196.0,299.0,365,1626.0,1626,1626,361,428.50575844220424,326.2876254180602,497.7551020408163,-73.77890015,40.63980103,-104.672996521,39.861698150635
177,JFK,DFW,Endeavor Air Inc.,333,10.93993993993994,-62.0,421.0,333,198.04504504504504,165.0,261.0,365,1391.0,1391,1391,333,424.9481868097691,319.7701149425288,505.8181818181818,-73.77890015,40.63980103,-97.03800201416016,32.896800994873054
178,JFK,DFW,American Airlines Inc.,359,-2.1253481894150417,-56.0,186.0,359,198.73816155988857,161.0,270.0,367,1391.0,1391,1391,359,422.8839438992487,309.1111111111111,518.3850931677019,-73.77890015,40.63980103,-97.03800201416016,32.896800994873054
179,JFK,DTW,Endeavor Air Inc.,731,9.079343365253077,-51.0,383.0,731,87.10670314637483,72.0,137.0,779,509.0,509,509,731,353.0457526841285,222.9197080291971,424.1666666666667,-73.77890015,40.63980103,-83.35340118408203,42.212398529052734
180,JFK,DTW,Delta Air Lines Inc.,383,-1.0287206266318538,-46.0,328.0,383,88.40208877284596,72.0,170.0,387,509.0,509,509,383,348.9015598652033,179.6470588235294,424.1666666666667,-73.77890015,40.63980103,-83.35340118408203,42.212398529052734
181,JFK,EGE,American Airlines Inc.,101,18.534653465346533,-53.0,266.0,101,256.44554455445547,219.0,382.0,103,1746.5728155339805,1746,1747,101,410.4804831937451,274.3979057591623,478.6301369863014,-73.77890015,40.63980103,-106.9179993,39.64260101
182,JFK,FLL,American Airlines Inc.,179,-2.005586592178771,-42.0,99.0,179,162.91061452513966,139.0,215.0,182,1069.0,1069,1069,179,395.5526629729784,298.3255813953488,461.4388489208633,-73.77890015,40.63980103,-80.15270233154297,26.072599411010746
183,JFK,FLL,JetBlue Airways,2956,11.013531799729364,-52.0,405.0,2956,151.59100135317996,123.0,222.0,2989,1069.0,1069,1069,2956,425.5877967896062,288.9189189189189,521.4634146341464,-73.77890015,40.63980103,-80.15270233154297,26.072599411010746
184,JFK,FLL,Delta Air Lines Inc.,1075,-2.8009302325581396,-57.0,372.0,1075,151.4706976744186,124.0,231.0,1083,1069.0,1069,1069,1075,426.29215887680726,277.6623376623377,517.258064516129,-73.77890015,40.63980103,-80.15270233154297,26.072599411010746
186,JFK,HOU,JetBlue Airways,711,7.69901547116737,-40.0,338.0,711,205.50070323488046,170.0,294.0,714,1428.0,1428,1428,711,420.02409007379543,291.4285714285714,504.0,-73.77890015,40.63980103,-95.27890015,29.64539909
187,JFK,IAD,Endeavor Air Inc.,531,3.9152542372881354,-51.0,256.0,531,47.68173258003767,38.0,80.0,580,228.0,228,228,531,290.0622551409957,171.0,360.0,-73.77890015,40.63980103,-77.45580292,38.94449997
188,JFK,IAD,JetBlue Airways,667,12.805097451274364,-34.0,395.0,667,48.74812593703148,39.0,88.0,675,228.0,228,228,667,283.60870880773007,155.45454545454547,350.7692307692308,-73.77890015,40.63980103,-77.45580292,38.94449997
189,JFK,IAD,ExpressJet Airlines Inc.,1324,17.733383685800604,-34.0,577.0,1324,48.014350453172206,38.0,97.0,1406,228.0,228,228,1324,288.0264501965109,141.03092783505156,360.0,-73.77890015,40.63980103,-77.45580292,38.94449997
190,JFK,IAH,American Airlines Inc.,271,17.132841328413285,-38.0,783.0,271,201.85977859778598,172.0,260.0,274,1417.0,1417,1417,271,423.5584275950279,327.0,494.30232558139534,-73.77890015,40.63980103,-95.34140014648438,29.98439979553223
191,JFK,IND,Endeavor Air Inc.,306,4.813725490196078,-52.0,291.0,306,103.63725490196079,86.0,139.0,324,665.0,665,665,306,387.55014872300495,287.0503597122302,463.95348837209303,-73.77890015,40.63980103,-86.294403,39.7173
192,JFK,IND,Envoy Air,352,9.889204545454545,-42.0,258.0,352,107.1846590909091,89.0,149.0,365,665.0,665,665,352,374.86259123509177,267.7852348993288,448.314606741573,-73.77890015,40.63980103,-86.294403,39.7173
193,JFK,JAC,Delta Air Lines Inc.,2,11.0,9.0,13.0,2,275.5,270.0,281.0,2,1894.0,1894,1894,2,412.6508501383946,404.4128113879003,420.8888888888889,-73.77890015,40.63980103,-110.73799896240234,43.6072998046875
194,JFK,JAX,Endeavor Air Inc.,248,12.870967741935484,-55.0,219.0,248,116.8225806451613,98.0,147.0,273,828.0,828,828,248,427.99368205193,337.95918367346934,506.9387755102041,-73.77890015,40.63980103,-81.68789672851562,30.49410057067871
195,JFK,JAX,JetBlue Airways,1013,8.53405725567621,-41.0,336.0,1013,120.86574531095755,98.0,199.0,1026,828.0,828,828,1013,413.89239547901536,249.64824120603012,506.9387755102041,-73.77890015,40.63980103,-81.68789672851562,30.49410057067871
196,JFK,LAS,American Airlines Inc.,634,9.121451104100947,-60.0,852.0,634,306.17981072555204,264.0,368.0,639,2248.0,2248,2248,634,441.9776094055468,366.52173913043475,510.9090909090909,-73.77890015,40.63980103,-115.1520004,36.08010101
197,JFK,LAS,JetBlue Airways,1303,4.806600153491941,-65.0,332.0,1303,302.18726016884114,261.0,376.0,1310,2248.0,2248,2248,1303,447.7378693373085,358.72340425531917,516.7816091954023,-73.77890015,40.63980103,-115.1520004,36.08010101
198,JFK,LAS,Delta Air Lines Inc.,1661,-3.913305237808549,-68.0,298.0,1661,301.5141481035521,260.0,353.0,1673,2248.0,2248,2248,1661,448.70889097713746,382.0963172804532,518.7692307692308,-73.77890015,40.63980103,-115.1520004,36.08010101
199,JFK,LAS,Virgin America,364,-6.815934065934066,-56.0,153.0,364,307.3956043956044,264.0,372.0,365,2248.0,2248,2248,364,440.1612997890468,362.5806451612903,510.9090909090909,-73.77890015,40.63980103,-115.1520004,36.08010101
200,JFK,LAX,American Airlines Inc.,3187,-1.9272042673360528,-69.0,361.0,3187,327.4273611546909,277.0,393.0,3217,2475.0,2475,2475,3187,454.83411147164935,377.86259541984737,536.101083032491,-73.77890015,40.63980103,-118.4079971,33.94250107
201,JFK,LAX,JetBlue Airways,1669,2.0137807070101856,-71.0,235.0,1669,328.28160575194727,284.0,398.0,1688,2475.0,2475,2475,1669,453.90459242354035,373.1155778894472,522.887323943662,-73.77890015,40.63980103,-118.4079971,33.94250107
202,JFK,LAX,Delta Air Lines Inc.,2487,-3.8451950140731803,-68.0,784.0,2487,329.87173301166064,283.0,440.0,2501,2475.0,2475,2475,2487,451.4356372167527,337.5,524.7349823321555,-73.77890015,40.63980103,-118.4079971,33.94250107
203,JFK,LAX,United Air Lines Inc.,2037,1.5925380461462935,-62.0,373.0,2037,327.78006872852234,275.0,391.0,2059,2475.0,2475,2475,2037,454.43398746829746,379.79539641943734,540.0,-73.77890015,40.63980103,-118.4079971,33.94250107
204,JFK,LAX,Virgin America,1779,2.10061832490163,-68.0,420.0,1779,333.61720067453626,286.0,404.0,1797,2475.0,2475,2475,1779,446.4824872941547,367.5742574257426,519.2307692307693,-73.77890015,40.63980103,-118.4079971,33.94250107
205,JFK,LGB,JetBlue Airways,661,-0.06202723146747353,-70.0,302.0,661,329.8593040847201,287.0,385.0,668,2465.0,2465,2465,661,449.7410485652821,384.15584415584414,515.3310104529617,-73.77890015,40.63980103,-118.1520004,33.81769943
206,JFK,MCI,Endeavor Air Inc.,254,5.7952755905511815,-68.0,315.0,254,157.65748031496062,136.0,199.0,276,1113.0,1113,1113,254,425.87926079560464,335.57788944723615,491.0294117647059,-73.77890015,40.63980103,-94.713898,39.2976
207,JFK,MCO,American Airlines Inc.,725,2.0510344827586207,-41.0,174.0,725,137.0993103448276,116.0,181.0,730,944.0,944,944,725,415.33023975271396,312.9281767955801,488.2758620689655,-73.77890015,40.63980103,-81.30899810791016,28.429399490356445
208,JFK,MCO,JetBlue Airways,3279,10.365355291247331,-45.0,329.0,3279,134.99146081122294,111.0,193.0,3304,944.0,944,944,3279,422.0877871029752,293.47150259067354,510.27027027027026,-73.77890015,40.63980103,-81.30899810791016,28.429399490356445
209,JFK,MCO,Delta Air Lines Inc.,1425,-4.68561403508772,-63.0,298.0,1425,133.6484210526316,107.0,172.0,1430,944.0,944,944,1425,426.38181750993067,329.30232558139534,529.3457943925233,-73.77890015,40.63980103,-81.30899810791016,28.429399490356445
210,JFK,MEM,Endeavor Air Inc.,1,-5.0,-5.0,-5.0,1,166.0,166.0,166.0,1,964.0,964,964,1,348.43373493975906,348.43373493975906,348.43373493975906,-73.77890015,40.63980103,-89.97669982910156,35.04240036010742
211,JFK,MIA,American Airlines Inc.,2197,-3.2312243969048704,-51.0,614.0,2197,152.23714155666818,125.0,232.0,2221,1089.0,1089,1089,2197,431.3531901714986,281.63793103448273,522.7199999999999,-73.77890015,40.63980103,-80.29060363769531,25.79319953918457
212,JFK,MIA,Delta Air Lines Inc.,1088,0.5248161764705882,-64.0,399.0,1088,151.91360294117646,126.0,211.0,1093,1089.0,1089,1089,1088,432.3553752613767,309.66824644549763,518.5714285714286,-73.77890015,40.63980103,-80.29060363769531,25.79319953918457
213,JFK,MKE,Endeavor Air Inc.,172,13.116279069767442,-63.0,223.0,172,114.36046511627907,98.0,136.0,183,745.0,745,745,172,392.35121653645507,328.6764705882353,456.12244897959187,-73.77890015,40.63980103,-87.89659881591797,42.94720077514648
214,JFK,MSP,Endeavor Air Inc.,1029,9.092322643343051,-68.0,458.0,1029,154.57045675413022,128.0,212.0,1070,1029.0,1029,1029,1029,401.72180032225657,291.22641509433964,482.34375,-73.77890015,40.63980103,-93.22180175780001,44.8819999695
215,JFK,MSP,Delta Air Lines Inc.,25,-4.32,-40.0,91.0,25,160.6,134.0,175.0,25,1029.0,1029,1029,25,386.06169988246,352.8,460.7462686567164,-73.77890015,40.63980103,-93.22180175780001,44.8819999695
216,JFK,MSY,Endeavor Air Inc.,409,4.93398533007335,-59.0,243.0,409,165.70171149144255,137.0,212.0,436,1182.0,1182,1182,409,431.82051894391174,334.52830188679246,517.6642335766423,-73.77890015,40.63980103,-90.25800323486328,29.99340057373047
217,JFK,MSY,JetBlue Airways,1064,9.11936090225564,-50.0,322.0,1064,169.95394736842104,140.0,227.0,1076,1182.0,1182,1182,1064,420.57047067221066,312.42290748898677,506.57142857142856,-73.77890015,40.63980103,-90.25800323486328,29.99340057373047
218,JFK,MSY,Delta Air Lines Inc.,119,-2.831932773109244,-58.0,242.0,119,166.9075630252101,145.0,237.0,121,1182.0,1182,1182,119,427.73189535445493,299.2405063291139,489.1034482758621,-73.77890015,40.63980103,-90.25800323486328,29.99340057373047
219,JFK,MVY,Endeavor Air Inc.,65,-4.953846153846154,-33.0,168.0,65,35.96923076923077,31.0,52.0,71,173.0,173,173,65,290.5914807151039,199.6153846153846,334.83870967741933,-73.77890015,40.63980103,-70.6143035889,41.393100738499996
220,JFK,MVY,JetBlue Airways,145,1.806896551724138,-32.0,161.0,145,36.47586206896552,30.0,47.0,150,173.0,173,173,145,285.9916101039082,220.85106382978722,346.0,-73.77890015,40.63980103,-70.6143035889,41.393100738499996
221,JFK,OAK,JetBlue Airways,309,3.0776699029126213,-54.0,318.0,309,344.7346278317152,304.0,391.0,312,2576.0,2576,2576,309,449.32336874585843,395.29411764705884,508.42105263157896,-73.77890015,40.63980103,-122.22100067138672,37.72129821777344
222,JFK,ORD,Endeavor Air Inc.,984,13.22459349593496,-53.0,347.0,984,120.66565040650407,96.0,176.0,1056,740.0,740,740,984,370.3341944485243,252.27272727272728,462.5,-73.77890015,40.63980103,-87.90480042,41.97859955
223,JFK,ORD,American Airlines Inc.,355,8.569014084507042,-49.0,239.0,355,121.51267605633802,103.0,151.0,365,740.0,740,740,355,367.3840103052427,294.03973509933775,431.0679611650486,-73.77890015,40.63980103,-87.90480042,41.97859955
224,JFK,ORD,JetBlue Airways,892,14.869955156950672,-52.0,317.0,892,120.8195067264574,98.0,187.0,905,740.0,740,740,892,370.2178276558234,237.4331550802139,453.0612244897959,-73.77890015,40.63980103,-87.90480042,41.97859955
225,JFK,ORF,Endeavor Air Inc.,353,9.920679886685553,-46.0,272.0,353,52.609065155807365,43.0,69.0,381,290.0,290,290,353,333.11133211590277,252.17391304347828,404.6511627906977,-73.77890015,40.63980103,-76.20120239257812,36.89459991455078
226,JFK,ORF,Envoy Air,345,11.257971014492753,-44.0,451.0,345,52.56521739130435,36.0,75.0,365,290.0,290,290,345,333.7288663300521,232.0,483.33333333333337,-73.77890015,40.63980103,-76.20120239257812,36.89459991455078
227,JFK,PBI,JetBlue Airways,1724,13.091067285382831,-46.0,376.0,1724,144.04582366589327,120.0,203.0,1739,1028.0,1028,1028,1724,430.6111762075531,303.8423645320197,514.0,-73.77890015,40.63980103,-80.09559631347656,26.68320083618164
228,JFK,PDX,JetBlue Airways,322,13.46583850931677,-49.0,221.0,322,332.0496894409938,286.0,380.0,325,2454.0,2454,2454,322,444.3899994268653,387.47368421052636,514.8251748251748,-73.77890015,40.63980103,-122.5979996,45.58869934
229,JFK,PDX,Delta Air Lines Inc.,457,4.2472647702407,-71.0,850.0,457,330.10722100656454,283.0,387.0,458,2454.0,2454,2454,457,447.0997974379074,380.4651162790698,520.2826855123675,-73.77890015,40.63980103,-122.5979996,45.58869934
230,JFK,PHL,Endeavor Air Inc.,860,12.929069767441861,-47.0,325.0,860,30.787209302325582,21.0,61.0,940,94.0,94,94,860,188.23367083068055,92.45901639344262,268.5714285714286,-73.77890015,40.63980103,-75.24109649658203,39.87189865112305
231,JFK,PHL,Delta Air Lines Inc.,2,-7.0,-16.0,2.0,2,34.0,32.0,36.0,2,94.0,94,94,2,166.45833333333334,156.66666666666669,176.25,-73.77890015,40.63980103,-75.24109649658203,39.87189865112305
232,JFK,PHL,US Airways Inc.,33,7.606060606060606,-18.0,232.0,33,31.939393939393938,25.0,44.0,34,94.0,94,94,33,181.39134693840737,128.1818181818182,225.6,-73.77890015,40.63980103,-75.24109649658203,39.87189865112305
233,JFK,PHX,JetBlue Airways,363,10.129476584022038,-61.0,224.0,363,292.24517906336087,254.0,353.0,365,2153.0,2153,2153,363,443.89861771580917,365.94900849858357,508.5826771653543,-73.77890015,40.63980103,-112.01200103759766,33.43429946899414
234,JFK,PHX,Delta Air Lines Inc.,467,-3.569593147751606,-65.0,261.0,467,290.83940042826555,244.0,347.0,469,2153.0,2153,2153,467,445.8267267695154,372.27665706051874,529.4262295081968,-73.77890015,40.63980103,-112.01200103759766,33.43429946899414
235,JFK,PHX,US Airways Inc.,1091,-0.051329055912007336,-70.0,360.0,1091,291.6306141154904,248.0,359.0,1099,2153.0,2153,2153,1091,444.7306444416689,359.8328690807799,520.8870967741935,-73.77890015,40.63980103,-112.01200103759766,33.43429946899414
236,JFK,PIT,Endeavor Air Inc.,712,5.25,-53.0,372.0,712,65.87078651685393,50.0,96.0,748,340.0,340,340,712,311.4805959218078,212.5,408.0,-73.77890015,40.63980103,-80.23290253,40.49150085
237,JFK,PIT,JetBlue Airways,89,18.303370786516854,-26.0,357.0,89,72.52808988764045,63.0,87.0,90,340.0,340,340,89,282.20476014079475,234.48275862068965,323.8095238095238,-73.77890015,40.63980103,-80.23290253,40.49150085
238,JFK,PIT,Delta Air Lines Inc.,46,-9.043478260869565,-41.0,130.0,46,61.56521739130435,48.0,69.0,46,340.0,340,340,46,332.93970643713925,295.6521739130435,425.0,-73.77890015,40.63980103,-80.23290253,40.49150085
239,JFK,PIT,Envoy Air,356,9.480337078651685,-28.0,324.0,356,66.99438202247191,53.0,102.0,365,340.0,340,340,356,306.344592114062,200.0,384.9056603773585,-73.77890015,40.63980103,-80.23290253,40.49150085
241,JFK,PSP,Virgin America,18,-12.722222222222221,-43.0,17.0,18,332.72222222222223,301.0,365.0,19,2378.0,2378,2378,18,429.74950117326074,390.9041095890411,474.01993355481727,-73.77890015,40.63980103,-116.50700378417969,33.829700469970696
242,JFK,PWM,JetBlue Airways,1285,7.2972762645914395,-38.0,294.0,1285,47.91050583657587,38.0,76.0,1304,273.0,273,273,1285,343.7146901894698,215.5263157894737,431.0526315789474,-73.77890015,40.63980103,-70.30930328,43.64619827
243,JFK,RDU,Endeavor Air Inc.,798,10.25689223057644,-53.0,292.0,798,70.82706766917293,58.0,101.0,843,427.0,427,427,798,364.35049536559853,253.66336633663366,441.7241379310345,-73.77890015,40.63980103,-78.7874984741211,35.877601623535156
244,JFK,RDU,JetBlue Airways,789,13.254752851711027,-35.0,391.0,789,71.62103929024082,60.0,138.0,797,427.0,427,427,789,360.4873157377193,185.6521739130435,427.0,-73.77890015,40.63980103,-78.7874984741211,35.877601623535156
245,JFK,RDU,Envoy Air,1396,9.42621776504298,-36.0,430.0,1396,72.57951289398281,59.0,108.0,1460,427.0,427,427,1396,355.4069405454659,237.22222222222223,434.23728813559325,-73.77890015,40.63980103,-78.7874984741211,35.877601623535156
246,JFK,RIC,Endeavor Air Inc.,236,11.389830508474576,-49.0,370.0,236,56.65677966101695,44.0,72.0,249,288.0,288,288,236,307.7595111353838,240.0,392.72727272727275,-73.77890015,40.63980103,-77.3197021484375,37.50519943237305
247,JFK,ROC,Endeavor Air Inc.,266,11.830827067669173,-52.0,330.0,266,52.71804511278196,43.0,72.0,273,264.0,264,264,266,302.5305357645425,220.0,368.3720930232558,-73.77890015,40.63980103,-77.67240142822266,43.118900299072266
248,JFK,ROC,JetBlue Airways,1388,9.82564841498559,-44.0,284.0,1388,51.73054755043228,35.0,95.0,1406,264.0,264,264,1388,308.266260673284,166.73684210526318,452.57142857142856,-73.77890015,40.63980103,-77.67240142822266,43.118900299072266
249,JFK,RSW,JetBlue Airways,1234,8.482982171799028,-42.0,272.0,1234,159.44084278768233,130.0,201.0,1242,1074.0,1074,1074,1234,405.99349088802643,320.5970149253731,495.69230769230774,-73.77890015,40.63980103,-81.75520324707031,26.53619956970215
250,JFK,RSW,Delta Air Lines Inc.,92,-13.271739130434783,-52.0,167.0,92,164.0326086956522,139.0,183.0,97,1074.0,1074,1074,92,394.23845747371,352.13114754098365,463.59712230215825,-73.77890015,40.63980103,-81.75520324707031,26.53619956970215
251,JFK,SAN,American Airlines Inc.,357,13.899159663865547,-58.0,350.0,357,331.00280112044817,287.0,406.0,365,2446.0,2446,2446,357,444.71734918766833,361.4778325123153,511.35888501742164,-73.77890015,40.63980103,-117.190002441,32.7336006165
252,JFK,SAN,JetBlue Airways,660,1.393939393939394,-66.0,334.0,660,326.08787878787876,285.0,413.0,663,2446.0,2446,2446,660,451.61748526183186,355.3510895883777,514.9473684210526,-73.77890015,40.63980103,-117.190002441,32.7336006165
253,JFK,SAN,Delta Air Lines Inc.,567,-1.343915343915344,-67.0,769.0,567,321.93650793650795,281.0,384.0,575,2446.0,2446,2446,567,457.41263420443636,382.1875,522.2775800711744,-73.77890015,40.63980103,-117.190002441,32.7336006165
254,JFK,SAT,Endeavor Air Inc.,34,-10.205882352941176,-58.0,67.0,34,238.76470588235293,209.0,272.0,53,1587.0,1587,1587,34,400.725125296633,350.0735294117647,455.5980861244019,-73.77890015,40.63980103,-98.46980285644531,29.533700942993164
255,JFK,SAT,Delta Air Lines Inc.,302,8.079470198675496,-61.0,681.0,302,215.25165562913907,184.0,270.0,303,1587.0,1587,1587,302,444.5295021237295,352.6666666666667,517.5,-73.77890015,40.63980103,-98.46980285644531,29.533700942993164
256,JFK,SDF,Endeavor Air Inc.,40,16.35,-42.0,357.0,40,103.775,90.0,131.0,46,662.0,662,662,40,384.64550295645256,303.20610687022906,441.3333333333333,-73.77890015,40.63980103,-85.736,38.1744
257,JFK,SEA,American Airlines Inc.,360,-1.475,-75.0,229.0,360,335.9972222222222,289.0,385.0,365,2422.0,2422,2422,360,433.3286232946993,377.45454545454544,502.83737024221455,-73.77890015,40.63980103,-122.30899810791016,47.44900131225586
258,JFK,SEA,JetBlue Airways,513,7.721247563352827,-58.0,328.0,513,329.5633528265107,283.0,378.0,514,2422.0,2422,2422,513,441.94448166102705,384.44444444444446,513.4982332155477,-73.77890015,40.63980103,-122.30899810791016,47.44900131225586
259,JFK,SEA,Delta Air Lines Inc.,1202,-5.886023294509151,-68.0,444.0,1202,327.31031613976705,275.0,389.0,1213,2422.0,2422,2422,1202,444.8591176610558,373.573264781491,528.4363636363637,-73.77890015,40.63980103,-122.30899810791016,47.44900131225586
260,JFK,SFO,American Airlines Inc.,1398,9.680257510729614,-63.0,1007.0,1398,348.4620886981402,306.0,426.0,1422,2586.0,2586,2586,1398,446.3309581465586,364.2253521126761,507.0588235294118,-73.77890015,40.63980103,-122.375,37.61899948120117
261,JFK,SFO,JetBlue Airways,1020,3.581372549019608,-64.0,445.0,1020,347.2127450980392,303.0,400.0,1035,2586.0,2586,2586,1020,447.9720092591326,387.9,512.0792079207921,-73.77890015,40.63980103,-122.375,37.61899948120117
262,JFK,SFO,Delta Air Lines Inc.,1848,-5.883658008658009,-69.0,561.0,1848,346.90909090909093,308.0,490.0,1858,2586.0,2586,2586,1848,448.323731983524,316.6530612244898,503.7662337662337,-73.77890015,40.63980103,-122.375,37.61899948120117
263,JFK,SFO,United Air Lines Inc.,2441,3.276526013928718,-60.0,399.0,2441,345.8193363375666,301.0,421.0,2475,2586.0,2586,2586,2441,449.7024033119642,368.55106888361047,515.4817275747508,-73.77890015,40.63980103,-122.375,37.61899948120117
264,JFK,SFO,Virgin America,1402,6.44793152639087,-79.0,676.0,1402,349.8972895863053,304.0,406.0,1414,2586.0,2586,2586,1402,444.38876979536997,382.16748768472905,510.39473684210526,-73.77890015,40.63980103,-122.375,37.61899948120117
265,JFK,SJC,JetBlue Airways,327,3.4250764525993884,-55.0,226.0,327,346.57798165137615,305.0,396.0,328,2569.0,2569,2569,327,445.74842177214543,389.24242424242425,505.3770491803279,-73.77890015,40.63980103,-121.9290008544922,37.36259841918945
266,JFK,SJC,Virgin America,1,11.0,11.0,11.0,1,356.0,356.0,356.0,1,2569.0,2569,2569,1,432.97752808988764,432.97752808988764,432.97752808988764,-73.77890015,40.63980103,-121.9290008544922,37.36259841918945
270,JFK,SLC,JetBlue Airways,364,13.68131868131868,-51.0,356.0,364,277.09615384615387,239.0,320.0,365,1990.0,1990,1990,364,432.00549663289786,373.125,499.581589958159,-73.77890015,40.63980103,-111.97799682617188,40.78839874267578
271,JFK,SLC,Delta Air Lines Inc.,1736,-4.920506912442396,-68.0,387.0,1736,274.2943548387097,235.0,330.0,1748,1990.0,1990,1990,1736,436.57825199978583,361.8181818181818,508.0851063829787,-73.77890015,40.63980103,-111.97799682617188,40.78839874267578
272,JFK,SMF,JetBlue Airways,282,12.109929078014185,-66.0,271.0,282,336.3723404255319,303.0,385.0,284,2521.0,2521,2521,282,450.54633804717866,392.8831168831169,499.2079207920792,-73.77890015,40.63980103,-121.59100341796876,38.69540023803711
273,JFK,SRQ,JetBlue Airways,472,0.7478813559322034,-38.0,175.0,472,152.66101694915255,124.0,191.0,474,1041.0,1041,1041,472,411.2348138337121,327.01570680628276,503.70967741935476,-73.77890015,40.63980103,-82.55439758300781,27.39539909362793
274,JFK,STL,Delta Air Lines Inc.,1,-8.0,-8.0,-8.0,1,129.0,129.0,129.0,1,892.0,892,892,1,414.8837209302326,414.8837209302326,414.8837209302326,-73.77890015,40.63980103,-90.37000274658205,38.74869918823242
277,JFK,SYR,Endeavor Air Inc.,43,15.465116279069768,-37.0,280.0,43,44.86046511627907,37.0,57.0,45,209.0,209,209,43,281.30536945439655,220.0,338.9189189189189,-73.77890015,40.63980103,-76.1063003540039,43.11119842529297
278,JFK,SYR,JetBlue Airways,1249,8.793434747798239,-44.0,391.0,1249,44.522818254603685,35.0,97.0,1266,209.0,209,209,1249,283.465737441342,129.27835051546393,358.2857142857143,-73.77890015,40.63980103,-76.1063003540039,43.11119842529297
279,JFK,TPA,Endeavor Air Inc.,3,-18.333333333333332,-26.0,-7.0,3,147.0,144.0,149.0,3,1005.0,1005,1005,3,410.2934730032045,404.6979865771812,418.75,-73.77890015,40.63980103,-82.533203125,27.975500106811523
280,JFK,TPA,American Airlines Inc.,305,5.2,-37.0,225.0,305,145.6,126.0,189.0,311,1005.0,1005,1005,305,416.2090665586876,319.04761904761904,478.57142857142856,-73.77890015,40.63980103,-82.533203125,27.975500106811523
281,JFK,TPA,JetBlue Airways,1684,12.26603325415677,-42.0,380.0,1684,144.44536817102139,118.0,200.0,1705,1005.0,1005,1005,1684,419.98722041568635,301.5,511.0169491525424,-73.77890015,40.63980103,-82.533203125,27.975500106811523
282,JFK,TPA,Delta Air Lines Inc.,707,-1.3295615275813295,-47.0,931.0,707,143.36209335219237,118.0,178.0,714,1005.0,1005,1005,707,422.9565357364338,338.76404494382024,511.0169491525424,-73.77890015,40.63980103,-82.533203125,27.975500106811523
283,JFK,TPA,Envoy Air,250,5.324,-32.0,241.0,250,144.1,119.0,186.0,254,1005.0,1005,1005,250,421.37089413435405,324.19354838709677,506.7226890756302,-73.77890015,40.63980103,-82.533203125,27.975500106811523
284,LGA,ATL,Delta Air Lines Inc.,5469,6.327299323459499,-46.0,895.0,5469,113.02815871274456,65.0,175.0,5544,762.0,762,762,5469,407.2088430107127,261.25714285714287,703.3846153846155,-73.87259674,40.77719879,-84.4281005859375,33.63669967651367
285,LGA,ATL,ExpressJet Airlines Inc.,1,63.0,63.0,63.0,1,118.0,118.0,118.0,1,762.0,762,762,1,387.4576271186441,387.4576271186441,387.4576271186441,-73.87259674,40.77719879,-84.4281005859375,33.63669967651367
286,LGA,ATL,AirTran Airways Corporation,2278,20.74451273046532,-44.0,572.0,2278,114.44117647058823,86.0,161.0,2337,762.0,762,762,2278,402.34532202593704,283.97515527950316,531.6279069767442,-73.87259674,40.77719879,-84.4281005859375,33.63669967651367
287,LGA,ATL,Envoy Air,2235,14.034004474272932,-49.0,344.0,2235,113.69888143176733,90.0,171.0,2322,762.0,762,762,2235,405.10652434558176,267.36842105263156,508.0,-73.87259674,40.77719879,-84.4281005859375,33.63669967651367
288,LGA,ATL,Southwest Airlines Co.,58,6.896551724137931,-20.0,64.0,58,122.8103448275862,107.0,143.0,59,762.0,762,762,58,373.80049377472955,319.72027972027973,427.2897196261682,-73.87259674,40.77719879,-84.4281005859375,33.63669967651367
289,LGA,AVL,Endeavor Air Inc.,10,-12.1,-29.0,13.0,10,92.2,87.0,104.0,10,599.0,599,599,10,390.72787921179577,345.57692307692304,413.1034482758621,-73.87259674,40.77719879,-82.54180145263672,35.43619918823242
290,LGA,BGR,Endeavor Air Inc.,0,,,,0,,,,1,378.0,378,378,0,,,,-73.87259674,40.77719879,-68.82810211181639,44.80739974975586
291,LGA,BGR,ExpressJet Airlines Inc.,358,8.027932960893855,-43.0,238.0,358,54.11731843575419,46.0,67.0,374,378.0,378,378,358,420.6522746534518,338.5074626865672,493.0434782608695,-73.87259674,40.77719879,-68.82810211181639,44.80739974975586
292,LGA,BHM,ExpressJet Airlines Inc.,268,17.011194029850746,-50.0,291.0,268,122.79850746268657,105.0,166.0,296,866.0,866,866,268,426.084299581334,313.0120481927711,494.85714285714283,-73.87259674,40.77719879,-86.75350189,33.56290054
293,LGA,BNA,Endeavor Air Inc.,105,6.104761904761904,-38.0,258.0,105,117.8,96.0,145.0,110,764.0,764,764,105,392.33074702122735,316.1379310344828,477.5,-73.87259674,40.77719879,-86.6781997680664,36.1245002746582
294,LGA,BNA,ExpressJet Airlines Inc.,377,7.400530503978779,-57.0,260.0,377,110.89655172413794,92.0,149.0,403,764.0,764,764,377,416.5117676271134,307.65100671140937,498.2608695652174,-73.87259674,40.77719879,-86.6781997680664,36.1245002746582
295,LGA,BNA,Envoy Air,1958,11.963227783452503,-39.0,349.0,1958,113.37231869254342,92.0,181.0,2039,764.0,764,764,1958,408.06748872528925,253.2596685082873,498.2608695652174,-73.87259674,40.77719879,-86.6781997680664,36.1245002746582
296,LGA,BNA,Southwest Airlines Co.,709,11.42031029619182,-58.0,333.0,709,115.48095909732017,94.0,149.0,715,764.0,764,764,709,399.67829783034017,307.65100671140937,487.6595744680851,-73.87259674,40.77719879,-86.6781997680664,36.1245002746582
297,LGA,BOS,US Airways Inc.,4002,-2.4195402298850577,-42.0,233.0,4002,37.85082458770615,21.0,107.0,4283,184.0,184,184,4002,295.4650106681848,103.17757009345794,525.7142857142858,-73.87259674,40.77719879,-71.00520325,42.36429977
298,LGA,BTV,Endeavor Air Inc.,2,-2.5,-4.0,-1.0,2,48.5,46.0,51.0,2,258.0,258,258,2,320.0255754475703,303.5294117647059,336.52173913043475,-73.87259674,40.77719879,-73.15329742429998,44.471900939899996
299,LGA,BTV,ExpressJet Airlines Inc.,275,2.6363636363636362,-49.0,258.0,275,43.32,36.0,77.0,292,258.0,258,258,275,361.1796623378631,201.03896103896102,430.0,-73.87259674,40.77719879,-73.15329742429998,44.471900939899996
300,LGA,BUF,Endeavor Air Inc.,50,7.26,-33.0,148.0,50,49.6,43.0,61.0,54,292.0,292,292,50,354.8353147835111,287.2131147540984,407.4418604651163,-73.87259674,40.77719879,-78.73220062,42.94049835
301,LGA,BUF,Delta Air Lines Inc.,3,-11.666666666666666,-18.0,-3.0,3,57.0,50.0,61.0,3,292.0,292,292,3,309.8710382513661,287.2131147540984,350.4,-73.87259674,40.77719879,-78.73220062,42.94049835
302,LGA,BUF,ExpressJet Airlines Inc.,69,-9.08695652173913,-40.0,233.0,69,50.710144927536234,44.0,91.0,69,292.0,292,292,69,349.04629297669067,192.52747252747253,398.1818181818182,-73.87259674,40.77719879,-78.73220062,42.94049835
303,LGA,BWI,Southwest Airlines Co.,15,-7.866666666666666,-30.0,19.0,15,40.46666666666667,35.0,48.0,15,185.0,185,185,15,276.2242328520999,231.25,317.1428571428571,-73.87259674,40.77719879,-76.66829681,39.17539978
304,LGA,CAE,Endeavor Air Inc.,3,6.0,-24.0,55.0,3,104.33333333333333,97.0,113.0,3,617.0,617,617,3,356.2258599110881,327.6106194690266,381.64948453608247,-73.87259674,40.77719879,-81.11949920654297,33.93880081176758
305,LGA,CAE,ExpressJet Airlines Inc.,9,24.22222222222222,-28.0,84.0,9,100.44444444444444,91.0,116.0,9,617.0,617,617,9,370.62859560920737,319.13793103448273,406.8131868131868,-73.87259674,40.77719879,-81.11949920654297,33.93880081176758
306,LGA,CAK,AirTran Airways Corporation,842,19.69833729216152,-37.0,433.0,842,64.03681710213776,53.0,85.0,864,397.0,397,397,842,373.98201484863404,280.2352941176471,449.433962264151,-73.87259674,40.77719879,-81.44219970703125,40.916099548339844
307,LGA,CHO,ExpressJet Airlines Inc.,46,9.5,-39.0,228.0,46,50.95652173913044,42.0,67.0,52,305.0,305,305,46,362.42509643456606,273.13432835820896,435.7142857142857,-73.87259674,40.77719879,-78.4529037475586,38.13859939575195
308,LGA,CHS,Endeavor Air Inc.,1,-9.0,-9.0,-9.0,1,89.0,89.0,89.0,1,641.0,641,641,1,432.13483146067415,432.13483146067415,432.13483146067415,-73.87259674,40.77719879,-80.04049683,32.89860153
309,LGA,CHS,ExpressJet Airlines Inc.,473,5.579281183932347,-50.0,328.0,473,92.77801268498943,79.0,125.0,499,641.0,641,641,473,417.4524830446489,307.67999999999995,486.8354430379747,-73.87259674,40.77719879,-80.04049683,32.89860153
310,LGA,CLE,Endeavor Air Inc.,7,2.5714285714285716,-34.0,91.0,7,72.57142857142857,66.0,79.0,7,419.0,419,419,7,347.8382350535615,318.2278481012658,380.9090909090909,-73.87259674,40.77719879,-81.8498001099,41.411701202399996
311,LGA,CLE,ExpressJet Airlines Inc.,388,21.265463917525775,-55.0,469.0,388,69.41752577319588,59.0,92.0,419,419.0,419,419,388,364.3001217772302,273.2608695652174,426.10169491525426,-73.87259674,40.77719879,-81.8498001099,41.411701202399996
312,LGA,CLE,Envoy Air,1282,7.072542901716068,-42.0,276.0,1282,69.38611544461779,57.0,106.0,1357,419.0,419,419,1282,364.97604745409024,237.16981132075472,441.0526315789474,-73.87259674,40.77719879,-81.8498001099,41.411701202399996
313,LGA,CLE,SkyWest Airlines Inc.,21,5.095238095238095,-26.0,140.0,21,67.52380952380952,60.0,72.0,24,419.0,419,419,21,372.94961682996006,349.1666666666667,419.0,-73.87259674,40.77719879,-81.8498001099,41.411701202399996
314,LGA,CLE,United Air Lines Inc.,300,8.703333333333333,-48.0,455.0,300,69.40333333333334,58.0,91.0,305,419.0,419,419,300,364.774381411242,276.2637362637363,433.44827586206895,-73.87259674,40.77719879,-81.8498001099,41.411701202399996
315,LGA,CLT,Endeavor Air Inc.,12,1.9166666666666667,-27.0,78.0,12,93.75,81.0,110.0,12,544.0,544,544,12,350.1211480384239,296.72727272727275,402.96296296296293,-73.87259674,40.77719879,-80.94309997558594,35.2140007019043
316,LGA,CLT,ExpressJet Airlines Inc.,660,14.927272727272728,-50.0,490.0,660,85.41515151515152,70.0,125.0,716,544.0,544,544,660,385.5976808910958,261.12,466.2857142857143,-73.87259674,40.77719879,-80.94309997558594,35.2140007019043
317,LGA,CLT,Envoy Air,1550,12.278709677419355,-40.0,356.0,1550,85.89935483870968,69.0,139.0,1620,544.0,544,544,1550,383.74517054355476,234.82014388489208,473.0434782608696,-73.87259674,40.77719879,-80.94309997558594,35.2140007019043
318,LGA,CLT,US Airways Inc.,3481,3.3797759264579144,-51.0,485.0,3481,87.34041941970698,70.0,146.0,3538,544.0,544,544,3481,377.2707045584962,223.56164383561645,466.2857142857143,-73.87259674,40.77719879,-80.94309997558594,35.2140007019043
319,LGA,CLT,Mesa Airlines Inc.,258,12.864341085271318,-45.0,381.0,258,85.1124031007752,69.0,122.0,282,544.0,544,544,258,386.77271926200433,267.5409836065574,473.0434782608696,-73.87259674,40.77719879,-80.94309997558594,35.2140007019043
320,LGA,CMH,Endeavor Air Inc.,1,-23.0,-23.0,-23.0,1,77.0,77.0,77.0,1,479.0,479,479,1,373.2467532467532,373.2467532467532,373.2467532467532,-73.87259674,40.77719879,-82.89189910888672,39.99800109863281
321,LGA,CMH,ExpressJet Airlines Inc.,88,5.965909090909091,-38.0,250.0,88,76.18181818181819,66.0,93.0,96,479.0,479,479,88,379.3418778790134,309.0322580645161,435.45454545454544,-73.87259674,40.77719879,-82.89189910888672,39.99800109863281
322,LGA,CMH,Envoy Air,1846,6.507042253521127,-48.0,349.0,1846,78.15276273022752,65.0,125.0,1961,479.0,479,479,1846,370.28193200189764,229.92,442.1538461538462,-73.87259674,40.77719879,-82.89189910888672,39.99800109863281
323,LGA,CRW,Envoy Air,134,14.671641791044776,-33.0,189.0,134,74.75373134328358,62.0,96.0,138,444.0,444,444,134,358.85776229402205,277.5,429.67741935483866,-73.87259674,40.77719879,-81.59320068359375,38.37310028076172
324,LGA,CVG,Endeavor Air Inc.,68,0.14705882352941177,-44.0,171.0,68,97.77941176470588,81.0,120.0,72,585.0,585,585,68,361.8163462107261,292.5,433.3333333333333,-73.87259674,40.77719879,-84.6678009033,39.0488014221
325,LGA,CVG,Delta Air Lines Inc.,4,-3.75,-22.0,9.0,4,107.0,93.0,117.0,4,585.0,585,585,4,330.3775659824047,300.0,377.4193548387097,-73.87259674,40.77719879,-84.6678009033,39.0488014221
326,LGA,CVG,ExpressJet Airlines Inc.,188,8.202127659574469,-39.0,373.0,188,93.65957446808511,82.0,117.0,195,585.0,585,585,188,376.719411315031,300.0,428.0487804878049,-73.87259674,40.77719879,-84.6678009033,39.0488014221
327,LGA,DAY,Endeavor Air Inc.,342,-4.947368421052632,-59.0,292.0,342,85.35380116959064,73.0,106.0,391,549.0,549,549,342,387.95480762489575,310.7547169811321,451.2328767123288,-73.87259674,40.77719879,-84.21939849853516,39.90240097045898
328,LGA,DCA,US Airways Inc.,4468,5.838406445837063,-51.0,344.0,4468,45.594673231871084,32.0,131.0,4716,214.0,214,214,4468,286.04167379902566,98.01526717557253,401.25,-73.87259674,40.77719879,-77.037697,38.8521
329,LGA,DEN,Delta Air Lines Inc.,675,5.607407407407408,-58.0,349.0,675,227.17925925925925,191.0,280.0,678,1620.0,1620,1620,675,429.77572318350224,347.1428571428571,508.9005235602095,-73.87259674,40.77719879,-104.672996521,39.861698150635
330,LGA,DEN,Frontier Airlines Inc.,681,21.920704845814978,-47.0,834.0,681,229.59911894273128,195.0,278.0,685,1620.0,1620,1620,681,425.1721108633093,349.64028776978415,498.46153846153845,-73.87259674,40.77719879,-104.672996521,39.861698150635
331,LGA,DEN,United Air Lines Inc.,1597,4.204132748904195,-67.0,414.0,1597,225.58672510958047,186.0,331.0,1626,1620.0,1620,1620,1597,432.80362583998755,293.65558912386706,522.5806451612904,-73.87259674,40.77719879,-104.672996521,39.861698150635
332,LGA,DEN,Southwest Airlines Co.,704,4.684659090909091,-58.0,410.0,704,230.2002840909091,193.0,285.0,715,1620.0,1620,1620,704,424.0960429430173,341.05263157894734,503.6269430051813,-73.87259674,40.77719879,-104.672996521,39.861698150635
333,LGA,DFW,Endeavor Air Inc.,13,-15.23076923076923,-49.0,27.0,13,193.92307692307693,174.0,229.0,14,1389.0,1389,1389,13,432.9543297005378,363.9301310043668,478.9655172413793,-73.87259674,40.77719879,-97.03800201416016,32.896800994873054
334,LGA,DFW,American Airlines Inc.,4661,-1.1890152327826646,-68.0,598.0,4661,199.95687620682256,158.0,284.0,4836,1389.0,1389,1389,4661,419.73663280159434,293.4507042253521,527.4683544303798,-73.87259674,40.77719879,-97.03800201416016,32.896800994873054
335,LGA,DFW,ExpressJet Airlines Inc.,8,-19.875,-49.0,10.0,8,198.0,166.0,235.0,8,1389.0,1389,1389,8,426.4618211952779,354.63829787234044,502.04819277108436,-73.87259674,40.77719879,-97.03800201416016,32.896800994873054
336,LGA,DSM,Endeavor Air Inc.,84,7.380952380952381,-39.0,134.0,84,151.10714285714286,129.0,187.0,91,1031.0,1031,1031,84,412.16865531540486,330.80213903743316,479.5348837209302,-73.87259674,40.77719879,-93.66310119628906,41.53400039672852
337,LGA,DSM,ExpressJet Airlines Inc.,49,2.7755102040816326,-62.0,190.0,49,137.6530612244898,123.0,156.0,67,1031.0,1031,1031,49,450.6987002442021,396.53846153846155,502.92682926829275,-73.87259674,40.77719879,-93.66310119628906,41.53400039672852
338,LGA,DTW,Endeavor Air Inc.,3,10.0,-35.0,92.0,3,90.33333333333333,86.0,98.0,3,502.0,502,502,3,334.595464488923,307.3469387755102,350.2325581395349,-73.87259674,40.77719879,-83.35340118408203,42.212398529052734
339,LGA,DTW,Delta Air Lines Inc.,3037,0.6081659532433322,-52.0,674.0,3037,83.72670398419493,66.0,170.0,3073,502.0,502,502,3037,362.53164397992026,177.17647058823528,456.3636363636363,-73.87259674,40.77719879,-83.35340118408203,42.212398529052734
340,LGA,DTW,ExpressJet Airlines Inc.,16,15.5,-47.0,334.0,16,81.3125,72.0,99.0,16,502.0,502,502,16,373.366115995263,304.24242424242425,418.33333333333337,-73.87259674,40.77719879,-83.35340118408203,42.212398529052734
341,LGA,DTW,Envoy Air,1852,4.225161987041036,-44.0,338.0,1852,85.02645788336933,68.0,130.0,1948,502.0,502,502,1852,357.14297557741054,231.6923076923077,442.94117647058823,-73.87259674,40.77719879,-83.35340118408203,42.212398529052734
342,LGA,EYW,Delta Air Lines Inc.,17,6.352941176470588,-29.0,45.0,17,174.05882352941177,155.0,193.0,17,1207.0,1207,1207,17,417.7851033134491,375.23316062176167,467.22580645161287,-73.87259674,40.77719879,-81.75959777832031,24.556100845336914
343,LGA,FLL,JetBlue Airways,2146,13.168685927306617,-63.0,368.0,2146,150.30102516309412,123.0,214.0,2188,1076.0,1076,1076,2146,431.97308480206397,301.6822429906542,524.8780487804878,-73.87259674,40.77719879,-80.15270233154297,26.072599411010746
344,LGA,FLL,Delta Air Lines Inc.,1801,5.374791782343142,-49.0,332.0,1801,155.3542476401999,129.0,233.0,1820,1076.0,1076,1076,1801,418.1462919990527,277.0815450643777,500.4651162790698,-73.87259674,40.77719879,-80.15270233154297,26.072599411010746
345,LGA,GRR,Endeavor Air Inc.,38,-1.605263157894737,-34.0,182.0,38,101.86842105263158,86.0,121.0,44,618.0,618,618,38,365.7837845381125,306.44628099173553,431.16279069767444,-73.87259674,40.77719879,-85.52279663,42.88079834
346,LGA,GRR,ExpressJet Airlines Inc.,2,-12.0,-26.0,2.0,2,102.5,101.0,104.0,2,618.0,618,618,2,361.83358720487433,356.53846153846155,367.1287128712871,-73.87259674,40.77719879,-85.52279663,42.88079834
347,LGA,GSO,Endeavor Air Inc.,1,13.0,13.0,13.0,1,73.0,73.0,73.0,1,461.0,461,461,1,378.9041095890411,378.9041095890411,378.9041095890411,-73.87259674,40.77719879,-79.93730163574219,36.097801208496094
348,LGA,GSO,ExpressJet Airlines Inc.,446,5.798206278026906,-48.0,444.0,446,71.07847533632287,60.0,118.0,485,461.0,461,461,446,391.5418442562781,234.40677966101697,461.0,-73.87259674,40.77719879,-79.93730163574219,36.097801208496094
349,LGA,GSP,Endeavor Air Inc.,96,0.125,-38.0,137.0,96,94.625,81.0,116.0,102,610.0,610,610,96,389.7154018559615,315.51724137931035,451.85185185185185,-73.87259674,40.77719879,-82.2189025879,34.895698547399995
350,LGA,GSP,ExpressJet Airlines Inc.,2,11.0,-38.0,60.0,2,95.0,94.0,96.0,2,610.0,610,610,2,385.3058510638298,381.25,389.36170212765956,-73.87259674,40.77719879,-82.2189025879,34.895698547399995
351,LGA,HOU,Southwest Airlines Co.,424,0.839622641509434,-53.0,376.0,424,202.23584905660377,171.0,258.0,425,1428.0,1428,1428,424,426.73441499365015,332.093023255814,501.05263157894734,-73.87259674,40.77719879,-95.27890015,29.64539909
352,LGA,IAD,Endeavor Air Inc.,81,-5.222222222222222,-45.0,185.0,81,47.71604938271605,39.0,78.0,84,229.0,229,229,81,291.52365114569255,176.15384615384616,352.3076923076923,-73.87259674,40.77719879,-77.45580292,38.94449997
353,LGA,IAD,ExpressJet Airlines Inc.,1299,13.782140107775211,-47.0,398.0,1299,48.665896843725946,39.0,93.0,1407,229.0,229,229,1299,285.340995376351,147.74193548387098,352.3076923076923,-73.87259674,40.77719879,-77.45580292,38.94449997
354,LGA,IAD,SkyWest Airlines Inc.,1,3.0,3.0,3.0,1,50.0,50.0,50.0,1,229.0,229,229,1,274.8,274.8,274.8,-73.87259674,40.77719879,-77.45580292,38.94449997
355,LGA,IAD,Mesa Airlines Inc.,278,18.91726618705036,-31.0,233.0,278,48.514388489208635,40.0,83.0,311,229.0,229,229,278,286.37754669554454,165.5421686746988,343.5,-73.87259674,40.77719879,-77.45580292,38.94449997
356,LGA,IAH,United Air Lines Inc.,2891,1.450363196125908,-59.0,435.0,2891,200.79315115876858,163.0,279.0,2951,1416.0,1416,1416,2891,426.1421952030873,304.51612903225805,521.2269938650306,-73.87259674,40.77719879,-95.34140014648438,29.98439979553223
357,LGA,ILM,ExpressJet Airlines Inc.,107,4.635514018691588,-49.0,143.0,107,75.35514018691589,63.0,93.0,110,500.0,500,500,107,401.5986036085565,322.5806451612903,476.19047619047615,-73.87259674,40.77719879,-77.90260314941406,34.27059936523437
358,LGA,IND,Endeavor Air Inc.,73,-6.876712328767123,-38.0,104.0,73,100.79452054794521,86.0,117.0,77,660.0,660,660,73,395.5719028270687,338.46153846153845,460.4651162790698,-73.87259674,40.77719879,-86.294403,39.7173
359,LGA,IND,Delta Air Lines Inc.,2,-26.5,-36.0,-17.0,2,98.5,96.0,101.0,2,660.0,660,660,2,402.28960396039605,392.0792079207921,412.5,-73.87259674,40.77719879,-86.294403,39.7173
360,LGA,IND,ExpressJet Airlines Inc.,7,20.714285714285715,-34.0,172.0,7,110.28571428571429,101.0,117.0,8,660.0,660,660,7,359.75141459882894,338.46153846153845,392.0792079207921,-73.87259674,40.77719879,-86.294403,39.7173
361,LGA,JAX,Endeavor Air Inc.,125,1.232,-42.0,282.0,125,120.648,102.0,153.0,127,833.0,833,833,125,417.22207942667217,326.6666666666667,490.0,-73.87259674,40.77719879,-81.68789672851562,30.49410057067871
362,LGA,JAX,Delta Air Lines Inc.,1,-6.0,-6.0,-6.0,1,125.0,125.0,125.0,1,833.0,833,833,1,399.84,399.84,399.84,-73.87259674,40.77719879,-81.68789672851562,30.49410057067871
363,LGA,JAX,ExpressJet Airlines Inc.,49,2.061224489795918,-34.0,179.0,49,123.89795918367346,106.0,151.0,51,833.0,833,833,49,405.365810508412,330.99337748344374,471.50943396226415,-73.87259674,40.77719879,-81.68789672851562,30.49410057067871
364,LGA,LEX,Endeavor Air Inc.,1,-22.0,-22.0,-22.0,1,90.0,90.0,90.0,1,604.0,604,604,1,402.6666666666667,402.6666666666667,402.6666666666667,-73.87259674,40.77719879,-84.60590362548828,38.0364990234375
365,LGA,MCI,Endeavor Air Inc.,80,1.7625,-44.0,143.0,80,162.0875,139.0,188.0,85,1107.0,1107,1107,80,412.23839355469624,353.29787234042556,477.84172661870497,-73.87259674,40.77719879,-94.713898,39.2976
366,LGA,MCI,Delta Air Lines Inc.,80,-7.275,-53.0,106.0,80,168.025,144.0,200.0,82,1107.0,1107,1107,80,397.1832506526682,332.09999999999997,461.25,-73.87259674,40.77719879,-94.713898,39.2976
367,LGA,MCI,ExpressJet Airlines Inc.,195,2.5743589743589745,-54.0,315.0,195,151.4974358974359,131.0,185.0,209,1107.0,1107,1107,195,439.86782917821427,359.02702702702703,507.02290076335885,-73.87259674,40.77719879,-94.713898,39.2976
368,LGA,MCO,JetBlue Airways,1428,13.087535014005603,-49.0,398.0,1428,134.4033613445378,111.0,178.0,1444,950.0,950,950,1428,426.80917707483917,320.2247191011236,513.5135135135135,-73.87259674,40.77719879,-81.30899810791016,28.429399490356445
369,LGA,MCO,Delta Air Lines Inc.,2217,4.496165990076681,-51.0,744.0,2217,134.97068110058638,111.0,215.0,2233,950.0,950,950,2217,424.77465037542515,265.1162790697674,513.5135135135135,-73.87259674,40.77719879,-81.30899810791016,28.429399490356445
370,LGA,MDW,Southwest Airlines Co.,2037,11.050073637702504,-49.0,422.0,2037,112.8659793814433,94.0,184.0,2070,725.0,725,725,2037,387.8470935334275,236.41304347826085,462.7659574468085,-73.87259674,40.77719879,-87.75240325927734,41.7859992980957
371,LGA,MEM,Endeavor Air Inc.,2,-13.0,-26.0,0.0,2,139.0,134.0,144.0,2,963.0,963,963,2,416.2220149253731,401.25,431.19402985074623,-73.87259674,40.77719879,-89.97669982910156,35.04240036010742
372,LGA,MEM,Delta Air Lines Inc.,424,1.721698113207547,-46.0,332.0,424,141.6816037735849,112.0,180.0,432,963.0,963,963,424,410.5447917908774,321.0,515.8928571428571,-73.87259674,40.77719879,-89.97669982910156,35.04240036010742
373,LGA,MEM,ExpressJet Airlines Inc.,414,1.0314009661835748,-62.0,276.0,414,139.11352657004832,114.0,180.0,428,963.0,963,963,414,418.351823401421,321.0,506.8421052631579,-73.87259674,40.77719879,-89.97669982910156,35.04240036010742
374,LGA,MHT,Endeavor Air Inc.,10,-16.5,-30.0,-2.0,10,36.0,32.0,40.0,11,195.0,195,195,10,325.9128861003861,292.5,365.625,-73.87259674,40.77719879,-71.43569946289062,42.93259811401367
375,LGA,MHT,ExpressJet Airlines Inc.,98,21.0,-37.0,189.0,98,35.37755102040816,31.0,42.0,131,195.0,195,195,98,331.96102017452904,278.5714285714286,377.41935483870964,-73.87259674,40.77719879,-71.43569946289062,42.93259811401367
376,LGA,MIA,American Airlines Inc.,3888,-1.6424897119341564,-58.0,648.0,3888,153.97427983539094,125.0,239.0,3945,1096.0,1096,1096,3888,429.1796606610207,275.1464435146444,526.0799999999999,-73.87259674,40.77719879,-80.29060363769531,25.79319953918457
377,LGA,MIA,Delta Air Lines Inc.,1814,3.3136714443219404,-51.0,516.0,1814,154.5226019845645,129.0,216.0,1836,1096.0,1096,1096,1814,427.6904157458985,304.44444444444446,509.7674418604651,-73.87259674,40.77719879,-80.29060363769531,25.79319953918457
378,LGA,MKE,Endeavor Air Inc.,125,14.344,-38.0,208.0,125,113.888,98.0,135.0,132,738.0,738,738,125,391.3906165988236,328.0,451.83673469387753,-73.87259674,40.77719879,-87.89659881591797,42.94720077514648
379,LGA,MKE,ExpressJet Airlines Inc.,24,-10.583333333333334,-43.0,49.0,24,108.66666666666667,95.0,129.0,24,738.0,738,738,24,410.2033814275169,343.25581395348837,466.10526315789474,-73.87259674,40.77719879,-87.89659881591797,42.94720077514648
380,LGA,MKE,AirTran Airways Corporation,55,0.4727272727272727,-30.0,52.0,55,118.47272727272727,102.0,140.0,59,738.0,738,738,55,375.48087623915455,316.2857142857143,434.11764705882354,-73.87259674,40.77719879,-87.89659881591797,42.94720077514648
381,LGA,MKE,Southwest Airlines Co.,1275,7.185882352941176,-55.0,334.0,1275,113.22745098039216,97.0,170.0,1310,738.0,738,738,1275,393.3093335975903,260.4705882352941,456.49484536082474,-73.87259674,40.77719879,-87.89659881591797,42.94720077514648
382,LGA,MSN,Endeavor Air Inc.,1,12.0,12.0,12.0,1,119.0,119.0,119.0,1,812.0,812,812,1,409.4117647058823,409.4117647058823,409.4117647058823,-73.87259674,40.77719879,-89.3375015258789,43.13990020751953
383,LGA,MSN,ExpressJet Airlines Inc.,210,15.304761904761905,-53.0,364.0,210,120.44285714285714,102.0,151.0,217,812.0,812,812,210,407.06032471471593,322.64900662251654,477.64705882352945,-73.87259674,40.77719879,-89.3375015258789,43.13990020751953
384,LGA,MSP,Endeavor Air Inc.,1,100.0,100.0,100.0,1,177.0,177.0,177.0,1,1020.0,1020,1020,1,345.76271186440675,345.76271186440675,345.76271186440675,-73.87259674,40.77719879,-93.22180175780001,44.8819999695
385,LGA,MSP,Delta Air Lines Inc.,2389,4.326915027208037,-51.0,915.0,2389,149.41523650062788,124.0,202.0,2419,1020.0,1020,1020,2389,411.7535598681817,302.970297029703,493.54838709677415,-73.87259674,40.77719879,-93.22180175780001,44.8819999695
386,LGA,MSP,Envoy Air,1230,9.559349593495934,-46.0,325.0,1230,148.8211382113821,122.0,213.0,1293,1020.0,1020,1020,1230,413.615599488847,287.32394366197184,501.6393442622951,-73.87259674,40.77719879,-93.22180175780001,44.8819999695
387,LGA,MSY,Endeavor Air Inc.,1,-29.0,-29.0,-29.0,1,155.0,155.0,155.0,1,1183.0,1183,1183,1,457.93548387096774,457.93548387096774,457.93548387096774,-73.87259674,40.77719879,-90.25800323486328,29.99340057373047
388,LGA,MSY,Delta Air Lines Inc.,995,2.2241206030150753,-58.0,780.0,995,167.3497487437186,139.0,226.0,1008,1183.0,1183,1183,995,427.09821533092173,314.070796460177,510.64748201438846,-73.87259674,40.77719879,-90.25800323486328,29.99340057373047
389,LGA,MSY,ExpressJet Airlines Inc.,2,72.5,-1.0,146.0,2,179.0,176.0,182.0,2,1183.0,1183,1183,2,396.64772727272725,390.0,403.29545454545456,-73.87259674,40.77719879,-90.25800323486328,29.99340057373047
390,LGA,MYR,ExpressJet Airlines Inc.,3,-3.0,-34.0,21.0,3,93.33333333333333,74.0,122.0,3,563.0,563,563,3,378.5048631769943,276.88524590163934,456.48648648648646,-73.87259674,40.77719879,-78.9282989502,33.6796989441
391,LGA,OMA,Delta Air Lines Inc.,1,-10.0,-10.0,-10.0,1,150.0,150.0,150.0,1,1148.0,1148,1148,1,459.2,459.2,459.2,-73.87259674,40.77719879,-95.89409637451172,41.303199768066406
392,LGA,OMA,ExpressJet Airlines Inc.,90,14.0,-47.0,187.0,90,161.75555555555556,140.0,193.0,94,1148.0,1148,1148,90,428.4578306139213,356.8911917098445,491.99999999999994,-73.87259674,40.77719879,-95.89409637451172,41.303199768066406
393,LGA,ORD,American Airlines Inc.,5491,-1.3139683117829175,-62.0,448.0,5491,116.31160080131124,94.0,190.0,5694,733.0,733,733,5491,380.70104704490575,231.47368421052633,467.87234042553195,-73.87259674,40.77719879,-87.90480042,41.97859955
394,LGA,ORD,SkyWest Airlines Inc.,1,107.0,107.0,107.0,1,132.0,132.0,132.0,1,733.0,733,733,1,333.18181818181813,333.18181818181813,333.18181818181813,-73.87259674,40.77719879,-87.90480042,41.97859955
395,LGA,ORD,United Air Lines Inc.,3015,7.5306799336650085,-55.0,424.0,3015,114.86235489220564,94.0,192.0,3162,733.0,733,733,3015,385.46356449973365,229.0625,467.87234042553195,-73.87259674,40.77719879,-87.90480042,41.97859955
396,LGA,ORF,Endeavor Air Inc.,21,-1.8095238095238095,-41.0,123.0,21,51.95238095238095,46.0,62.0,21,296.0,296,296,21,343.8958618964559,286.4516129032258,386.0869565217391,-73.87259674,40.77719879,-76.20120239257812,36.89459991455078
397,LGA,ORF,ExpressJet Airlines Inc.,174,8.942528735632184,-50.0,264.0,174,52.14942528735632,37.0,78.0,185,296.0,296,296,174,344.27263883213277,227.69230769230768,480.0,-73.87259674,40.77719879,-76.20120239257812,36.89459991455078
398,LGA,PBI,American Airlines Inc.,80,-12.6125,-49.0,105.0,80,152.9875,134.0,186.0,82,1035.0,1035,1035,80,407.7394278513565,333.8709677419355,463.4328358208955,-73.87259674,40.77719879,-80.09559631347656,26.68320083618164
399,LGA,PBI,JetBlue Airways,893,13.873460246360583,-44.0,377.0,893,145.13661814109741,121.0,197.0,910,1035.0,1035,1035,893,430.2593264334052,315.2284263959391,513.2231404958678,-73.87259674,40.77719879,-80.09559631347656,26.68320083618164
400,LGA,PBI,Delta Air Lines Inc.,1450,2.06,-53.0,449.0,1450,146.36,105.0,207.0,1466,1035.0,1035,1035,1450,426.72787118947036,300.0,591.4285714285714,-73.87259674,40.77719879,-80.09559631347656,26.68320083618164
401,LGA,PBI,ExpressJet Airlines Inc.,6,40.666666666666664,7.0,85.0,6,149.83333333333334,136.0,174.0,6,1035.0,1035,1035,6,417.2724493410526,356.89655172413796,456.61764705882354,-73.87259674,40.77719879,-80.09559631347656,26.68320083618164
402,LGA,PHL,US Airways Inc.,590,6.052542372881356,-42.0,324.0,590,36.99152542372882,26.0,75.0,599,96.0,96,96,590,159.87160891605512,76.8,221.53846153846152,-73.87259674,40.77719879,-75.24109649658203,39.87189865112305
403,LGA,PHL,Mesa Airlines Inc.,8,-14.375,-46.0,36.0,8,39.625,32.0,48.0,8,96.0,96,96,8,148.9191640649713,120.0,180.0,-73.87259674,40.77719879,-75.24109649658203,39.87189865112305
404,LGA,PIT,Endeavor Air Inc.,108,5.777777777777778,-43.0,201.0,108,59.03703703703704,51.0,71.0,116,335.0,335,335,108,342.515569891058,283.09859154929575,394.11764705882354,-73.87259674,40.77719879,-80.23290253,40.49150085
405,LGA,PIT,Delta Air Lines Inc.,201,9.333333333333334,-44.0,275.0,201,57.56218905472637,49.0,81.0,204,335.0,335,335,201,351.6793595260095,248.14814814814812,410.2040816326531,-73.87259674,40.77719879,-80.23290253,40.49150085
406,LGA,PIT,ExpressJet Airlines Inc.,703,10.31294452347084,-42.0,321.0,703,57.59032716927454,40.0,76.0,747,335.0,335,335,703,351.0670290453736,264.4736842105263,502.5,-73.87259674,40.77719879,-80.23290253,40.49150085
407,LGA,PWM,Delta Air Lines Inc.,233,1.1416309012875536,-47.0,241.0,233,43.738197424892704,38.0,57.0,235,269.0,269,269,233,371.01949467118453,283.15789473684214,424.7368421052632,-73.87259674,40.77719879,-70.30930328,43.64619827
408,LGA,PWM,ExpressJet Airlines Inc.,40,6.05,-38.0,221.0,40,44.8,39.0,50.0,43,269.0,269,269,40,362.0050531936507,322.8,413.8461538461538,-73.87259674,40.77719879,-70.30930328,43.64619827
409,LGA,RDU,Endeavor Air Inc.,67,2.626865671641791,-43.0,192.0,67,70.73134328358209,61.0,84.0,69,431.0,431,431,67,367.936842801392,307.8571428571429,423.93442622950823,-73.87259674,40.77719879,-78.7874984741211,35.877601623535156
410,LGA,RDU,ExpressJet Airlines Inc.,163,8.153374233128835,-46.0,253.0,163,68.36196319018404,55.0,94.0,178,431.0,431,431,163,380.518361843374,275.1063829787234,470.1818181818182,-73.87259674,40.77719879,-78.7874984741211,35.877601623535156
411,LGA,RDU,Envoy Air,3140,8.553821656050955,-38.0,354.0,3140,70.66815286624204,56.0,98.0,3334,431.0,431,431,3140,368.5207734692312,263.8775510204082,461.7857142857143,-73.87259674,40.77719879,-78.7874984741211,35.877601623535156
412,LGA,RIC,Endeavor Air Inc.,85,18.0,-33.0,193.0,85,59.305882352941175,47.0,71.0,91,292.0,292,292,85,297.56162485563726,246.7605633802817,372.7659574468085,-73.87259674,40.77719879,-77.3197021484375,37.50519943237305
413,LGA,RIC,ExpressJet Airlines Inc.,410,3.080487804878049,-61.0,230.0,410,53.15853658536585,43.0,90.0,447,292.0,292,292,410,332.51368969818833,194.66666666666666,407.4418604651163,-73.87259674,40.77719879,-77.3197021484375,37.50519943237305
414,LGA,ROC,Endeavor Air Inc.,7,-13.428571428571429,-30.0,4.0,7,48.57142857142857,45.0,53.0,8,254.0,254,254,7,314.78092424359875,287.54716981132077,338.6666666666667,-73.87259674,40.77719879,-77.67240142822266,43.118900299072266
415,LGA,ROC,ExpressJet Airlines Inc.,209,2.3205741626794256,-43.0,267.0,209,44.96650717703349,38.0,76.0,216,254.0,254,254,209,341.02477067397535,200.5263157894737,401.0526315789474,-73.87259674,40.77719879,-77.67240142822266,43.118900299072266
416,LGA,RSW,Endeavor Air Inc.,67,-7.223880597014926,-43.0,136.0,67,160.65671641791045,145.0,192.0,67,1080.0,1080,1080,67,404.71493548847207,337.5,446.89655172413796,-73.87259674,40.77719879,-81.75520324707031,26.53619956970215
417,LGA,RSW,JetBlue Airways,361,10.983379501385041,-38.0,252.0,361,158.8393351800554,136.0,191.0,365,1080.0,1080,1080,361,409.88102372232686,339.2670157068063,476.47058823529414,-73.87259674,40.77719879,-81.75520324707031,26.53619956970215
418,LGA,RSW,Delta Air Lines Inc.,324,5.645061728395062,-42.0,253.0,324,162.27469135802468,138.0,197.0,329,1080.0,1080,1080,324,400.8367042186862,328.93401015228426,469.5652173913044,-73.87259674,40.77719879,-81.75520324707031,26.53619956970215
419,LGA,SAV,ExpressJet Airlines Inc.,68,-10.514705882352942,-54.0,89.0,68,103.26470588235294,90.0,139.0,68,722.0,722,722,68,422.5665239320456,311.65467625899277,481.3333333333333,-73.87259674,40.77719879,-81.20210266,32.12760162
420,LGA,SBN,ExpressJet Airlines Inc.,6,14.5,-19.0,53.0,6,96.83333333333333,88.0,110.0,6,651.0,651,651,6,406.05561105561105,355.0909090909091,443.8636363636364,-73.87259674,40.77719879,-86.31729888916016,41.70869827270508
421,LGA,SDF,Endeavor Air Inc.,210,-3.442857142857143,-52.0,291.0,210,105.87142857142857,89.0,139.0,217,659.0,659,659,210,375.59012431697676,284.46043165467626,444.2696629213483,-73.87259674,40.77719879,-85.736,38.1744
422,LGA,SRQ,Endeavor Air Inc.,77,7.4935064935064934,-47.0,169.0,77,149.11688311688312,127.0,185.0,78,1047.0,1047,1047,77,423.98941634540756,339.56756756756755,494.64566929133855,-73.87259674,40.77719879,-82.55439758300781,27.39539909362793
423,LGA,SRQ,JetBlue Airways,361,13.022160664819944,-38.0,296.0,361,153.23545706371192,132.0,192.0,365,1047.0,1047,1047,361,412.0757919075311,327.1875,475.9090909090909,-73.87259674,40.77719879,-82.55439758300781,27.39539909362793
424,LGA,SRQ,Delta Air Lines Inc.,263,-5.916349809885932,-57.0,474.0,263,153.1977186311787,131.0,189.0,265,1047.0,1047,1047,263,412.1714926000962,332.3809523809524,479.54198473282446,-73.87259674,40.77719879,-82.55439758300781,27.39539909362793
425,LGA,SRQ,ExpressJet Airlines Inc.,28,-13.321428571428571,-51.0,71.0,28,149.75,138.0,176.0,29,1047.0,1047,1047,28,420.6034919425675,356.9318181818182,455.21739130434787,-73.87259674,40.77719879,-82.55439758300781,27.39539909362793
426,LGA,STL,American Airlines Inc.,864,0.22800925925925927,-51.0,802.0,864,131.68171296296296,110.0,179.0,902,888.0,888,888,864,407.1871083286586,297.6536312849162,484.3636363636364,-73.87259674,40.77719879,-90.37000274658205,38.74869918823242
427,LGA,STL,ExpressJet Airlines Inc.,3,-23.0,-30.0,-18.0,3,134.66666666666666,120.0,144.0,3,888.0,888,888,3,398.19047619047615,370.0,444.0,-73.87259674,40.77719879,-90.37000274658205,38.74869918823242
428,LGA,STL,Envoy Air,134,11.828358208955224,-37.0,188.0,134,141.1865671641791,118.0,167.0,139,888.0,888,888,134,379.1611759428692,319.0419161676647,451.52542372881356,-73.87259674,40.77719879,-90.37000274658205,38.74869918823242
429,LGA,STL,Southwest Airlines Co.,766,7.1945169712793735,-43.0,453.0,766,133.9634464751958,110.0,181.0,778,888.0,888,888,766,400.2777689716837,294.3646408839779,484.3636363636364,-73.87259674,40.77719879,-90.37000274658205,38.74869918823242
430,LGA,SYR,Endeavor Air Inc.,116,7.758620689655173,-36.0,191.0,116,38.08620689655172,32.0,50.0,125,198.0,198,198,116,313.6941815579972,237.6,371.25,-73.87259674,40.77719879,-76.1063003540039,43.11119842529297
431,LGA,SYR,ExpressJet Airlines Inc.,153,10.38562091503268,-47.0,248.0,153,38.04575163398693,33.0,64.0,168,198.0,198,198,153,315.062717676873,185.625,359.99999999999994,-73.87259674,40.77719879,-76.1063003540039,43.11119842529297
432,LGA,TPA,JetBlue Airways,722,16.429362880886426,-48.0,343.0,722,146.6246537396122,122.0,189.0,730,1010.0,1010,1010,722,415.60831269223684,320.63492063492066,496.7213114754099,-73.87259674,40.77719879,-82.533203125,27.975500106811523
433,LGA,TPA,Delta Air Lines Inc.,1404,3.9779202279202277,-54.0,821.0,1404,145.62321937321937,120.0,191.0,1415,1010.0,1010,1010,1404,418.39496631173813,317.2774869109948,505.0,-73.87259674,40.77719879,-82.533203125,27.975500106811523
434,LGA,TVC,ExpressJet Airlines Inc.,40,16.875,-37.0,220.0,40,91.25,84.0,106.0,44,655.0,655,655,40,431.9162050414617,370.7547169811321,467.8571428571429,-73.87259674,40.77719879,-85.58219909667969,44.74140167236328
435,LGA,TVC,Envoy Air,33,14.878787878787879,-26.0,190.0,33,98.66666666666667,89.0,110.0,33,655.0,655,655,33,399.5828046714493,357.2727272727273,441.57303370786514,-73.87259674,40.77719879,-85.58219909667969,44.74140167236328
436,LGA,TYS,Endeavor Air Inc.,265,3.8943396226415095,-51.0,175.0,265,97.8188679245283,83.0,131.0,308,647.0,647,647,265,399.7036499167303,296.33587786259545,467.71084337349396,-73.87259674,40.77719879,-83.99400329999997,35.81100082
437,LGA,XNA,ExpressJet Airlines Inc.,1,119.0,119.0,119.0,1,154.0,154.0,154.0,1,1147.0,1147,1147,1,446.8831168831168,446.8831168831168,446.8831168831168,-73.87259674,40.77719879,-94.306801,36.281898
438,LGA,XNA,Envoy Air,708,6.956214689265536,-47.0,319.0,708,173.19209039548022,139.0,236.0,744,1147.0,1147,1147,708,400.5868192337622,291.6101694915254,495.1079136690647,-73.87259674,40.77719879,-94.306801,36.281898
